molecula|TASA|Num. of Rotatable bonds|NaasN|Oscillator Force (HOMO-LUMO transition)|GATS1pe|Dipole (gas phase)|Log Kp (cm/s)|heavy_atom_count|PNSA3|Mor01p|Log Po/w XLOGP3|Log Po/w MLOGP|Synthetic Accessibility|FNSA1|Fraction Csp3|Log Po/w Silicos-IT Log P|Total Energy (gas phase) (Hartree)|Area (grid)|pIC50
16_a4|389.0176968|2.0|1|0.1006|0.482473457|1.863|-5.64|23.0|-36.11951685|322.8922084|3.59|3.44|3.26|0.832461695|0.11|4.49|-1057.478071|515.68|6.4647
AKLKII_a46|397.2168972|2.0|0||0.687139108||-6.5|22.0|-34.061229|314.0966684|2.19|1.18|2.81|0.7721395329999999|0.06|3.9|||6.7423
12f_a40|502.7764322|3.0|1|0.3858|0.605644757|3.2818|-4.76|24.0|-37.02024147|384.1423925|5.4|3.99|3.24|0.7314440520000001|0.06|5.35|-2212.348599|572.63|6.4202
47s_a18|640.0051571|10.0|0|0.5203|0.716761234|2.3134|-5.96|36.0|-53.18668656|1093.725912|4.62|3.33|4.41|0.820470855|0.3|4.06|-1534.174077|809.4|6.2104
3c_a32|456.8935699|3.0|0|0.5017|0.774363061|3123.0|-5.35|22.0|-34.91603827|370.5811396|4.14|1.7|3.22|0.693952122|0.19|6.61|-1633.419633|544.22|8.0458
14x_a23|514.8229467|5.0|2|0.3057|0.558482531|5.7933|-6.35|32.0|-46.97594633|597.2903597999999|3.78|3.78|3.42|0.722211323|0.05|4.2|-1828.371718|675.21|8.4949
19g_a38|455.6240763999999|5.0|0|0.0962|0.632625562|5.0677|-6.81|31.0|-54.62049927|593.6088758|2.88|2.78|4.82|0.719941993|0.14|3.55|-1431.386981|638.82|7.3778
4i_a46|531.4066842|3.0|1|0.1421|0.7172344890000001|2.8538|-5.31|26.0|-33.08099617|579.2365607|4.38|3.06|3.88|0.763831778|0.36|4.79|-1092.70435|611.74|6.2132
9g_a40|476.5434822|3.0|1|0.3563|0.665414608|3.4787|-7.17|23.0|-33.47455057|384.6422631|1.37|0.64|2.8|0.740240206|0.06|2.91|-1332.476347|559.04|5.45
12b_a36 (EW-7197)|477.6935927||0|0.0197|0.698414933|5432.0|||-50.90136206|595.8790650000001||||0.746747352|||-1332.147999|659.48|8.1549
15d_a10|590.402322|6.0|1|0.0856|0.71456262|3.3831|-7.04|33.0|-38.80896881|825.4425942|2.75|1.54|3.71|0.471900166|0.35|4.14|-1431.051425|737.09|7.1612
6_a4|526.7333132|3.0|1|0.0772|0.664247086|2.8026|-5.42|27.0|-29.18838891|578.2065561000001|4.28|3.09|3.38|0.814470803|0.26|5.1|-1108.563418|613.83|5.8861
12c_a36|540.0159387|5.0|0|0.3927|0.8065052890000001|4.9812|-6.49|30.0|-47.12722334|629.5017194000001|3.31|2.51|4.74|0.75500974|0.14|3.35|-1692.511019|672.74|8.0458
8a_a32|510.8273411|7.0|0|0.4315|0.7507116140000001|4.8933|-5.76|27.0|-52.34893512|557.1050635|4.17|1.37|3.48|0.7490845290000001|0.26|6.49|-1880.732222|667.29|7.3468
20a_a10|594.4519837|4.0|1|107.0|0.63495222|2.9429|-5.82|33.0|-43.19189039|719.5272609|4.36|2.53|3.48|0.733451892|0.11|5.06|-1389.1321289999998|696.63|5.9208
41_a18|503.8398786|6.0|0|0.482|0.745631286|2.0934|-6.38|34.0|-69.94639412|897.5188662|3.78|2.94|4.07|0.903239484|0.25|3.26|-1454.3467460000002|736.59|6.433
7l_a46|437.65027010000006|2.0|1|0.2024|0.6539666829999999|3.3119|-6.22|22.0|-27.30136533|375.721552|2.61|1.89|3.04|0.67467081|0.28|3.59|-915.5830363|517.29|5.7122
14ac_a23|703.0989434999999|7.0|2|0.2391|0.537271445|6.3004|-5.84|38.0|-66.72452104|718.3324686000001|5.35|4.6|3.69|0.8077820920000001|0.12|5.52|-2303.9786940000004|751.54|8.3851
47r_a18|575.4901675|9.0|0|0.6007|0.7554975009999999|2.3873|-6.12|36.0|-62.75220741|1005.982493|4.59|2.23|4.55|0.688074851|0.22|0.43|-1964.813473|790.57|6.6364
8b_a8|342.0904577|4.0|1|0.1515|0.726912742|5.8389|-6.87|31.0|-79.74587194|589.263087|2.76|2.12|3.52|0.781454722|0.09|3.65|-1407.052256|640.35|5.2941
8_a1 (SB-202620)|368.1943149|4.0|0|0.5339|0.658433571|3.4563|-5.94|27.0|-66.76765693|433.2550452|3.6|2.78|2.74|0.7742395870000001|0.0|4.86|-1223.117248|586.27|6.3979
3c_a12|426.9566009|3.0|0|0.1193|0.859899236|1.6035|-6.18|23.0|-36.28720467|380.2468615|2.91|1.82|3.94|0.7055242159999999|0.12|4.01|-1327.471862|544.65|7.699
12z_a30|579.3226647000001|7.0|0|0.1441|0.794193541|7.0446|-6.39|33.0|-49.68145417|792.3440337000001|3.81|2.2|4.86|0.630839856|0.21|3.94|-1804.785911|739.33|7.3615
12aw_a36|452.6513136|5.0|0|0.3892|0.632625562|4.8181|-6.8|31.0|-56.73814908|593.6088758|2.88|2.78|4.73|0.749052287|0.14|3.55|-1431.373326|666.09|8.0458
3d_a32|483.4133562|4.0|0|0.5031|0.77923808|3.2094|-5.18|23.0|-37.19367587|421.3548777|4.5|1.94|3.34|0.720540286|0.24|6.97|-1672.733979|569.29|8.0915
12r_a30|465.8474777|5.0|0|0.1522|0.591758164|5.2021|-6.06|31.0|-58.32042638|616.2856203|4.07|3.58|4.66|0.790065337|0.14|4.67|-1774.2026670000002|679.64|7.5317
12w_a36|594.7596206000001|7.0|0|0.4508|0.624142499|5043.0|-6.4|34.0|-62.34080876|672.4630346|3.86|2.04|4.82|0.70536279|0.17|3.31|-1645.169951|712.88|7.6383
12a_a50|455.4948605000001|2.0|2|0.1807|0.660148928|5.7662|-6.44|24.0|-25.57033815|388.171611|2.5|2.02|3.3|0.575218972|0.11|2.59|-1006.632973|545.54|7.1249
12n_a36|487.397992|7.0|0|0.0155|0.750657639|10.8395|-8.03|34.0|-60.42525197|805.2286932|1.64|0.84|5.03|0.741751453|0.17|1.28|-1876.168847|714.14|7.8239
8c_a12|428.8355831|3.0|0|0.1355|0.845077891|1.7305|-6.44|24.0|-34.19075142|390.0159026|2.5|2.02|3.91|0.764449832|0.11|2.81|-1022.750382|551.66|7.3979
12bh_a36|554.7010591|5.0|0|0.011|0.857993338|5.8338|-6.38|31.0|-47.04367494|729.1873176|3.41|2.45|4.95|0.783294222|0.21|3.76|-1311.558898|715.94|7.8539
7f_a8|438.23883319999993|3.0|1|0.1502|0.507325475|8.7098|-5.27|28.0|-52.28313554|446.5544107|4.66|4.27|3.14|0.880922225|0.0|5.52|-1285.168078|584.99|4.4479
9a_a40|453.3484005|2.0|1|0.3483|0.61091688|3.8656|-4.85|21.0|-29.02567082|323.79254|4.54|3.57|3.26|0.868476591|0.06|4.58|-1217.9449|515.96|6.6696
4d_a49|463.6097566000001|6.0|1|0.0879|0.749565191|4.3005|-7.7|30.0|-55.40321178|641.1445234|1.45|1.25|3.38|0.654728051|0.22|3.16|-1293.29417|668.09|7.7447
21c _a23|561.9588018|6.0|2|0.3329999999999999|0.7301130229999999|6.0226|-7.13|34.0|-59.46209153|762.0576580000001|2.86|2.49|3.68|0.834557275|0.08|3.1|-1837.932192|747.88|7.1752
22_a20|616.3298149|4.0|1|0.0015|0.607038752|4.8308|-5.58|31.0|-39.00017609|664.4562602999999|4.47|2.61|3.36|0.77063827|0.08|5.33|-1275.816275|694.15|6.6364
12p_a36|471.1687161|5.0|0|0.1841|0.698414933|4.8805|-6.76|30.0|-51.98017377|595.8790650000001|2.78|2.4|4.72|0.759126153|0.14|3.13|-1332.148901|660.71|8.0458
3_a3|343.74795510000007|2.0|0|0.0851|0.8495058259999999|2.1507|-5.88|21.0|-48.91675544|302.8386149|3.26|1.41|3.11|0.7000038270000001|0.0|5.0|-1592.873593|491.26|5.93
8b_a12|428.7273481000001|4.0|0|127.0|0.856390139|4.2554|-6.51|27.0|-60.97837482|510.3677388|2.76|2.23|4.11|0.888936354|0.1|3.11|-1159.365835|611.93|6.58
3a_a32|378.0996237|2.0|0|0.2719|0.7757299320000001|3.6178|-5.77|20.0|-37.30101542|278.73805810000005|3.31|1.19|2.96|0.6723099029999999|0.07|5.77|-1554.768725|492.91|8.5686
12ap_a36|544.9693552|5.0|0|0.3982|0.8212311840000001|7.0249|-7.08|31.0|-54.21070432|642.3830552000001|2.4|1.38|4.78|0.737851886|0.13|2.75|-1325.159466|691.41|7.4949
12ac_a36|541.3322795|6.0|0|0.0249|0.770400825|4.0208|-7.21|32.0|-55.68500110000001|716.9974499|2.36|1.59|4.86|0.7316461470000001|0.17|3.16|-1385.566143|711.77|7.8861
5f_a40|342.5710869|3.0|1|0.0415|0.680674762|5.5961|-6.47|20.0|-52.44868801|269.0442248|2.2|1.29|3.08|0.814393685|0.21|2.94|-1232.959261|487.57|6.9508
10_a15|542.9602292000001|6.0|0|0.0042|0.7933685340000001|1.6654|-4.97|30.0|-30.73805622|673.7288405|5.29|2.87|3.58|0.8301726490000001|0.12|5.32|-1281.061184|631.2|8.1549
12_a15|572.3516967|6.0|0|0.0093|0.7933685340000001|4.3338|-4.97|30.0|-39.00359933|673.7288405|5.29|2.87|3.56|0.746489397|0.12|5.32|-1281.060163|688.91|8.3979
12au_a36|502.8713191000001|7.0|0|0.0158|0.750657639|6.1367|-8.03|34.0|-64.86748076|805.2286932|1.64|0.84|5.0|0.7160586109999999|0.17|1.28|-1876.156196|752.27|7.3279
14v_a23|605.3933675|7.0|2|348.0|0.575188253|4.5506|-5.94|35.0|-44.4776373|676.4530574|4.76|3.04|3.62|0.788328659|0.09|3.97|-2042.161744|679.5|8.4001
9d_a31|473.3981899|9.0|0|0.2611|0.771222772|2.6311|-6.36|29.0|-66.96024848|647.1500428999999|3.46|1.31|3.8|0.6636195229999999|0.38|6.04|-1657.428165|727.27|6.2218
12u_a36|586.1833819|6.0|0|0.0176|0.860667615|5.8702|-6.19|32.0|-50.53295452|799.5563855|3.8|2.66|5.05|0.77938748|0.24|3.85|-1350.865506|739.12|7.7959
16_a31|257.4650715|2.0|0|0.2534|0.8944757390000001|3.7419|-6.48|21.0|-66.9420327|280.39844320000003|2.32|0.78|3.2|0.73080436|0.14|3.8|-1308.202828|503.18|7.0458
17_a15|674.5333498|7.0|0|0.0377|0.740986227|5.1268|-5.58|33.0|-40.50376584|822.8625688|4.78|2.53|3.63|0.653207369|0.15|4.89|-1413.857182|752.08|7.9208
12i_a36|535.4151566|7.0|0|0.1516|0.624142499|5.1836|-6.4|34.0|-54.81607619|672.4630346|3.86|2.04|4.8|0.7691298590000001|0.17|3.31|-1645.171438|666.79|7.9208
11f_a5|589.7388387999999|7.0|0|0.1834|0.750555185|2.1313|-6.99|32.0|-47.57801621|753.9168511|2.7|1.03|3.35|0.5109475960000001|0.24|4.61|-1391.722248|729.96|7.9208
16g_a32|604.8539801|10.0|0|0.2879|0.762429418|3.7346|-5.69|30.0|-57.77542509|701.9321161|4.65|1.57|3.87|0.6863323440000001|0.33|6.81|-2034.593036|752.29|7.9586
12f_a36|556.5681681|6.0|0|0.0231|0.857993338|5.9228|-6.33|31.0|-46.86832019|729.1873176|3.47|2.45|4.94|0.7803018709999999|0.21|3.62|-1311.550167|699.88|7.9586
14k_a23|613.8243395|5.0|2|0.4694|0.659570836|5.8718|-6.03|31.0|-37.43135588|633.3278634|4.21|3.51|3.39|0.783562394|0.05|4.0|-2089.501786|691.9|8.4123
5d_a40|346.0207917|3.0|1|0.4493|0.483934049|7.0422|-5.94|20.0|-39.55506228|243.4287716|2.98|2.25|3.02|0.8111805740000001|0.21|4.08|-1276.817151|473.48|7.7212
12av_a36|524.1323793|7.0|0|0.0027|0.817582774|4.7666|-7.66|33.0|-57.31621925|757.7532208|1.85|1.49|4.96|0.671916917|0.17|2.38|-1440.945099|733.21|7.4089
13a_a30|470.0167988|6.0|0|0.1603|0.802578397|0.7158|-7.05|32.0|-74.02777574|713.7769663|2.74|2.06|4.76|0.799862466|0.13|3.04|-1744.4457100000002|721.66|7.8665
8d_a8|452.1282556|6.0|1|0.1879|0.734212688|6.0111|-6.87|32.0|-69.95878302|682.0472537|2.89|1.92|3.61|0.675359878|0.12|3.93|-1447.559429|690.78|4.7303
18d_a30|508.389239|5.0|0|0.3788|0.64876559|5.0115|-6.02|30.0|-49.44608411|618.6004214|3.97|3.2|4.75|0.783284395|0.14|4.25|-1674.987709|669.66|7.6737
15b_a50|469.3167805|5.0|2|0.1796|0.764606364|6.9054|-6.98|27.0|-47.20879251|510.3677388|2.11|1.66|3.56|0.639017342|0.19|2.71|-1160.463663|613.37|7.1024
4e_a49|464.3567821|6.0|1|0.0789|0.731643066|3.9718|-7.52|30.0|-57.79309816|620.5697596|1.71|1.25|3.35|0.650328475|0.22|3.4|-1313.158118|660.22|7.4685
4g_a49|857.1564845|7.0|2|0.0265|0.626581708|3.4099|-6.6|51.0|-61.24875669|1714.878736|5.28|2.87|4.83|0.6273572239999999|0.1|6.09|-2147.66293|985.89|6.9747
3b_a49|458.224537|6.0|1|0.0759|0.749565191|3.0055|-7.42|30.0|-54.04959517|641.1445234|1.84|1.25|3.37|0.656865946|0.22|3.16|-1293.291817|664.15|7.6021
12x_a30|560.5459455|5.0|0|0.1517|0.803183654|4.3702|-5.64|31.0|-47.48669555|754.3941655|4.6|3.25|4.86|0.824674971|0.21|4.87|-1654.3784|703.75|7.6556
12az_a36|574.0196415|7.0|0|0.0146|0.8350231859999999|6.3778|-7.13|33.0|-50.28669997|766.4854363|2.62|1.42|4.96|0.583865006|0.21|2.83|-1461.962459|737.12|7.2366
12be_a36|553.6616295|7.0|0|0.0018|0.8350231859999999|7.7861|-7.13|33.0|-54.15309606|766.4854363|2.62|1.42|4.96|0.5660743979999999|0.21|2.83|-1461.968283|739.48|7.3565
8a_a31|293.7455749|3.0|0|0.2604|0.883113019|3.7141|-7.11|22.0|-60.46233433|324.7430642|1.56|0.36|3.34|0.666437359|0.2|4.16|-1347.507102|538.75|6.1024
18c_a25|623.0528232|7.0|1|0.0041|0.7357918440000001|6.1775|-5.85|33.0|-31.96445203|831.3429628|4.49|3.08|3.58|0.7479204509999999|0.11|6.29|-1714.5777670000002|698.86|7.0555
3f_a32|492.7734095|4.0|0|293.0|0.786074011|3.4678|-5.03|24.0|-41.40131823|475.3634141|4.83|2.18|3.9|0.78919828|0.28|7.18|-1712.034952|604.9|8.0458
16b_a23|688.1144512|6.0|2|0.3456|0.711576167|9.2317|-6.3|36.0|-37.52431601|896.9989312000001|4.21|3.14|4.19|0.738977|0.07|3.02|-1877.615701|772.84|7.0191
12aa_a36|471.12395210000005|6.0|0|0.4446|0.849217847|3.5904|-7.79|32.0|-72.94175494|689.2886595|1.55|1.28|4.83|0.731335741|0.13|1.92|-1401.617177|701.99|8.0458
8g_a8|327.1604688|4.0|1|0.3904|0.656457444|6.0697|-6.34|31.0|-83.78686741|551.1746801|3.53|3.01|3.31|0.8330608209999999|0.04|4.11|-1450.913472|635.27|5.3768
8c_a31|345.3445134|5.0|0|0.2597|0.87237334|3.3453|-6.7|24.0|-64.57121646|423.1367008|2.38|0.85|3.51|0.72308253|0.29|4.89|-1426.129055|595.67|6.0915
8_a20 (IN-1130)|481.70475260000006|5.0|0|0.1361|0.7741509329999999|3803.0|-6.83|32.0|-63.72828772|684.5377542|2.87|1.33|3.49|0.7481063720000001|0.08|4.97|-1368.372708|696.06|7.4437
35_a18|590.1597827|8.0|0|0.4981|0.7277482059999999|2.0432|-6.0|36.0|-60.302584200000005|1056.535856|4.55|3.33|4.3|0.874573807|0.3|4.13|-1532.976969|796.47|7.6198
12bf_a36|437.4108773|5.0|0|0.4006|0.632625562|5.4787|-6.8|31.0|-58.26326838|593.6088758|2.88|2.78|4.72|0.7054709690000001|0.14|3.55|-1431.380702|670.85|8.2218
4o_a46|521.3931342|2.0|1|0.1598|0.6418406720000001|3.4494|-5.51|26.0|-35.54402423|544.7877262000001|4.06|2.72|3.73|0.7510206490000001|0.32|4.77|-1070.428722|581.59|6.7905
28_a20|521.7658603|5.0|1|0.0153|0.690655217|3.5284|-6.96|32.0|-57.59898971|684.5377542|2.68|1.73|3.45|0.773641727|0.08|3.93|-1368.32781|704.42|6.5935
24_a20|600.7235847000001|4.0|1|0.0108|0.607038752|3.6107|-6.26|31.0|-38.76683848|664.4562602999999|3.52|1.86|3.4|0.771032243|0.08|4.76|-1291.867578|685.66|6.4976
12g_a40|456.7977427|2.0|1|0.2682|0.6941475490000001|1.9175|-4.91|23.0|-49.94706785|335.7078145|5.07|3.76|3.24|0.852031227|0.0|4.83|-2173.0224510000003|540.25|6.1403
12a_a30|518.4718832|5.0|0|0.1511|0.7961424690000001|4.1875|-5.98|29.0|-47.73588073|620.9195447000001|3.87|2.82|4.65|0.805190202|0.14|3.84|-1575.745502|668.81|7.9469
27b_a34|515.8091561000001|5.0|1|0.0252|0.770240631|11.8546|-6.14|31.0|-57.66200309|627.4287311|3.75|1.83|3.54|0.712312759|0.12|3.94|-1350.018975|691.97|6.1871
4g_a46|543.2323468999999|3.0|1|0.1294|0.635494818|3.5526|-5.18|26.0|-32.64186634|568.1534007|4.73|3.06|3.9|0.826861093|0.38|5.19|-1493.132001|615.33|5.5615
5g_a40|321.64971460000004|3.0|1|261.0|0.7733200179999999|4.9132|-6.6|21.0|-72.93994279|266.8102663|2.17|0.74|3.13|0.745349319|0.21|2.69|-1328.015099|489.04|6.9101
14i_a23|531.9462982|6.0|2|0.3639|0.7333675390000001|5.9563|-7.33|33.0|-60.8283953|693.3423458|2.46|2.28|3.56|0.7780956840000001|0.04|2.57|-1798.608335|715.68|8.4622
19h_a38|456.3568442|5.0|0|0.088|0.698414933|6.9749|-6.77|30.0|-48.43313101|595.8790650000001|2.78|2.4|4.8|0.75379331|0.14|3.13|-1332.1538779999998|626.65|8.0348
15_a4|416.1168833|2.0|1|0.0969999999999999|0.509447294|2.1603|-5.6|22.0|-29.80513879|324.5687005|3.49|3.05|3.28|0.8438913020000001|0.11|4.09|-958.251931|512.65|6.757
12af_a36|524.5103537|7.0|0|0.0035|0.817582774|6.9003|-7.66|33.0|-57.32748365|757.7532208|1.85|1.49|4.98|0.6702409189999999|0.17|2.38|-1440.954069|737.4|7.8239
1_a15|566.1848585|8.0|0|0.0061|0.795437721|1.2218|-5.38|34.0|-44.01415991|851.7423982|5.23|2.2|3.91|0.605927517|0.19|5.46|-1510.117336|697.35|7.3565
4_a18 (SD-208)|401.1916387|3.0|0|0.2316|0.721664823|3.4629|-6.31|25.0|-40.10670787|363.2306414|3.02|2.02|2.77|0.602029021|0.0|3.54|-1542.276332|537.47|7.0969
9_a27|411.8826346|3.0|1|134.0|0.654138816|2.7456|-6.33|25.0|-40.3551562|424.8821143|2.8|2.66|3.12|0.7892801540000001|0.16|3.85|-1083.118736|549.64|8.699
12_a4|477.8721263000001|4.0|1|0.0464|0.531333552|7.8701|-6.84|29.0|-41.69390404|608.4548423|2.72|2.17|3.41|0.717772573|0.23|3.69|-1617.826064|640.67|5.032
9_a3|398.0331029|2.0|0|0.1127|0.865283439|2.0863|-5.21|22.0|-44.74600478|349.6957191|4.14|2.42|3.1|0.886859678|0.0|4.9|-1256.0634710000002|512.44|4.96
9i_a40|418.7133986|2.0|1|0.3362|0.7947633409999999|2.0895|-5.44|22.0|-46.80087537|351.4600612|3.85|2.99|3.25|0.8590224540000001|0.06|3.84|-1273.31399|534.44|5.9031
11g_a5|550.6745046|7.0|1|0.2403|0.73551511|3.2282|-6.84|31.0|-44.19305139|648.1198739|2.75|1.06|3.17|0.543581314|0.08|4.17|-1330.144218|693.48|7.5229
15a_a22|588.2800507999999|6.0|1|0.0955|0.655865336|5.2588|-6.61|32.0|-41.92018177|684.5377542|3.18|1.73|3.42|0.702735071|0.08|3.87|-1368.321775|696.57|6.8447
7h_a8|444.4294792|3.0|1|0.3885|0.507325475|7.0847|-5.27|28.0|-53.71230941|446.5544107|4.66|4.27|3.12|0.892830345|0.0|5.52|-1285.151298|593.53|4.9788
12h_a30|485.8069155|5.0|0|155.0|0.64876559|2.9684|-6.02|30.0|-52.88851758|618.6004214|3.97|3.2|4.63|0.7979748729999999|0.14|4.25|-1674.977665|672.54|8.065
12bd_a36|549.5039111000001|5.0|0|0.0058|0.857993338|5.7533|-6.38|31.0|-46.92083391|729.1873176|3.41|2.45|4.95|0.78244124|0.21|3.76|-1311.560669|706.26|7.7696
11d_a31|358.2711594|7.0|0|0.2642|0.78396996|3.1919|-6.4|27.0|-82.05480081|505.4234462|3.17|1.26|3.6|0.6817705409999999|0.32|5.43|-1598.671315|650.64|7.5229
9n_a24|611.3234977000001|7.0|0|0.0334|0.755793189|2.8552|-6.47|29.0|-35.21502941|631.9206508|3.07|1.42|3.17|0.652126509|0.17|4.41|-1239.095611|686.19|7.7212
21_a12|426.8727514|3.0|0|0.1668|0.859899236|2327.0|-6.45|23.0|-34.60932333|380.2468615|2.53|1.82|4.05|0.770818357|0.12|4.01|-1327.451966|539.67|7.6576
14_a47|343.7492333|3.0|0|0.2452|0.579833096|2.2485|-6.21|24.0|-47.18187618|310.8026328|2.91|2.49|2.78|0.664709719|0.0|3.97|-1127.700693|519.55|8.1
12z_a36|553.6621150000001|5.0|0|0.4423|0.8212311840000001|4814.0|-7.08|31.0|-54.11489962|642.3830552000001|2.4|1.38|4.76|0.712682362|0.13|2.75|-1325.157504|686.33|8.301
10_a3|346.1193167|2.0|0|0.0463|0.834020779|6.7458|-6.44|22.0|-46.64544572|311.6695405|2.43|1.2|3.02|0.7066293240000001|0.0|3.79|-1288.150029|498.67|5.1
13f_a6|579.7398537|5.0|0|0.0048|0.790249345|10.8469|-6.52|32.0|-49.2635105|676.2770877|3.27|0.92|3.56|0.720711855|0.08|5.01|-1347.266914|711.29|7.3768
1e_a5|457.4574833|3.0|0|0.1355|0.6977404359999999|1916.0|-5.77|24.0|-35.30075748|409.0289917|3.43|2.13|2.83|0.7473936259999999|0.05|4.99|-990.6006645|560.58|6.719
12d_a31|500.3881827|9.0|0|0.2566|0.771222772|2.4186|-6.36|29.0|-66.58534562|647.1500428999999|3.46|1.31|3.76|0.6383648510000001|0.38|6.04|-1657.428467|730.86|6.2924
12s_a36|535.942162|5.0|0|0.0002|0.856274847|6.6068|-6.55|30.0|-46.58030248|662.0530478999999|3.04|2.24|4.85|0.754198383|0.17|3.24|-1272.236664|683.24|8.0458
18c_a30|484.1740985|6.0|0|0.3879|0.802578397|6.6462|-7.05|32.0|-71.31647561|713.7769663|2.74|2.06|4.85|0.7859920029999999|0.13|3.04|-1744.455795|711.56|7.9208
13a_a6|506.474367|5.0|0|0.2697|0.8013954109999999|7.7145|-6.1|31.0|-61.52313164|627.4287311|3.8|1.29|3.53|0.759912392|0.12|4.98|-1350.057702|695.29|7.3372
47p_a18|616.5234972999999|9.0|0|595.0|0.710266593|3.6452|-6.07|35.0|-51.14496913|1011.163774|4.35|3.13|4.29|0.818459442|0.28|3.65|-1493.731375|795.43|7.1938
5b_a50|486.9950914|2.0|2|0.1094|0.6642694929999999|4.4181|-6.03|24.0|-20.90908698|409.0289917|3.06|2.4|3.37|0.5887490470000001|0.1|3.15|-990.5849031|547.35|4.9126
4c_a46|562.9269925|5.0|1|0.2083|0.65145414|4.1039|-5.39|29.0|-40.22007179|696.2528933|4.63|3.4|4.09|0.840753785|0.38|5.11|-1245.392965|683.75|5.6972
25c_a34|455.6954382|6.0|1|0.2239999999999999|0.760055383|7.12|-7.95|31.0|-59.0359041|648.0187526000001|1.3|1.0|3.64|0.537428437|0.32|2.18|-1426.666471|704.43|5.7496
13_a12|441.2142447|3.0|0|0.0155|0.804066411|1.3023|-5.49|21.0|-28.51381164|327.9594923|3.51|2.42|2.7|0.8829921740000001|0.12|3.63|-876.3370809|532.86|7.0315
10_a47|449.6950454|3.0|0|0.2175|0.6913602740000001|1.9281|-5.08|27.0|-40.80144983|498.0016816|4.8|3.21|3.02|0.801882632|0.09|5.12|-1188.3744|579.86|7.9
19_a31|428.3459076|7.0|0|0.2271|0.6427749970000001|1.7076|-6.41|25.0|-53.25742146|460.3754405|2.93|1.68|3.44|0.776211804|0.28|5.8|-1489.4951640000002|625.93|5.7447
12aq_a36|455.31741460000006|6.0|0|0.0059|0.849217847|6.7649|-7.79|32.0|-73.0277723|689.2886595|1.55|1.28|4.83|0.7619767479999999|0.13|1.92|-1401.637414|703.04|7.2596
19_a47|354.3911695|5.0|1|0.3243|0.614975047|5.1151|-7.22|28.0|-58.28861174|428.5826478|1.97|1.67|3.13|0.637832605|0.05|2.49|-1335.725639|571.23|7.3
4_a3|352.05186289999995|2.0|0|0.119|0.628171026|2.3542|-5.21|23.0|-52.4583525|347.9532383|4.3|3.07|2.94|0.866976271|0.0|5.3|-1355.303098|504.29|5.9
19k_a38|417.968819|6.0|0|0.1156|0.730686013|9.1508|-7.84|33.0|-71.54314527|686.8472757999999|1.65|1.65|4.89|0.75964689|0.13|2.34|-1500.852284|677.64|7.9666
11_a33|416.4353629|3.0|0|0.5408|0.781083337|3.1406|-5.97|22.0|-34.4118011|335.4799765|3.28|0.89|3.19|0.552878386|0.13|5.77|-1669.304085|506.55|8.3188
26_a47|412.8219782|4.0|1|77.0|0.651797437|3.6825|-6.51|28.0|-57.01987795|457.1122177|3.12|2.59|3.13|0.717639177|0.05|2.84|-1696.075481|592.84|7.9
27_a47|541.8239522999999|5.0|1|0.1839|0.634406338|4.0365|-6.34|31.0|-40.35526807|682.9868225|3.7|3.11|3.37|0.700732763|0.26|4.18|-1778.078632|673.27|5.6
14s_a23|595.0854952000001|5.0|2|0.3669|0.659570836|4.7032|-6.03|31.0|-35.30692476|633.3278634|4.21|3.51|3.45|0.7748161659999999|0.05|4.0|-2089.500101|668.66|8.5482
6e_a31|380.0911673|4.0|0|0.5103|0.795570315|5.8193|-6.5|29.0|-74.99224589|536.6368656000001|3.2|1.36|3.55|0.7604979040000001|0.1|5.19|-1652.63264|634.34|6.4318
4f_a49|400.1675422|3.0|1|0.0579999999999999|0.670594896|1.7833|-6.6|27.0|-55.88123394|467.1194103|2.64|2.03|3.07|0.718306291|0.14|3.42|-1179.201105|575.01|7.3979
8b_a31|317.3534883|4.0|0|0.2643|0.8761979520000001|3.6945|-6.87|23.0|-63.04219151|372.3224834|2.02|0.61|3.4|0.703469355|0.25|4.52|-1386.815519|566.18|5.6576
1c_a5|453.4753671|3.0|0|0.1076|0.6977404359999999|1.7105|-5.77|24.0|-34.82350689|409.0289917|3.43|2.13|2.78|0.753027268|0.05|4.99|-990.5931502|556.84|5.4
20_a47|375.4483088|5.0|1|0.2807|0.59534794|3.1747|-6.75|28.0|-45.68149289|428.5826478|2.63|2.75|3.19|0.595234209|0.05|2.56|-1335.708279|557.84|8.6
4a_a46|479.8368017|2.0|1|0.1694|0.683616517|3.1825|-5.87|24.0|-28.50561609|480.9500663|3.34|2.35|3.76|0.742626378|0.35|4.18|-994.2146342|560.87|6.7423
13b_a50|647.7242444|7.0|2|0.1553|0.71935296|5.5271|-6.3|34.0|-36.81915624|900.2031356000001|3.91|2.52|4.78|0.700410304|0.37|4.24|-1470.3699789999998|780.4|5.7375
15a_a10|588.9895149|6.0|1|0.1583|0.713078124|4.7512|-6.52|30.0|-29.50952422|697.5493042|3.12|1.93|3.5|0.676473201|0.29|3.95|-1278.4225210000002|687.57|7.6198
40_a47|438.171933|3.0|1|0.2612|0.607650682|4.7542|-6.78|25.0|-32.5926343|388.178924|2.19|1.52|3.07|0.573656733|0.11|2.96|-1123.144637|571.5|8.4
47i_a18|559.3312455|8.0|0|0.5085|0.727767462|2.7749|-6.36|33.0|-54.34379065|855.7438937000001|3.7|2.74|4.05|0.8608685909999999|0.22|3.28|-1416.233978|744.95|7.7212
12c_a5|553.2961182|6.0|0|105.0|0.782051277|3.0135|-6.79|31.0|-46.62294305|735.3048881|2.84|1.57|3.27|0.583585895|0.24|5.03|-1316.5202869999998|694.24|7.3279
12t_a30|452.99711|5.0|0|0.1561|0.591758164|2.6784|-6.06|31.0|-58.89093185|616.2856203|4.07|3.58|4.63|0.745705883|0.14|4.67|-1774.208418|677.85|8.0496
1l_a5|502.9124512|4.0|0|187.0|0.71872376|2.1987|-5.4|26.0|-38.79937717|518.5792364|4.19|2.57|2.98|0.769406114|0.14|5.56|-1069.229786|609.85|7.4949
13j_a6|416.2679342|6.0|0|0.0259|0.830577798|8.3187|-6.81|32.0|-80.33128667|673.8038326000001|2.95|1.18|3.56|0.7841668409999999|0.12|4.16|-1426.520775|712.52|6.5817
13i_a6|418.3467934|6.0|0|19.0|0.830577798|7.8342|-6.81|32.0|-80.75190740000001|673.8038326000001|2.95|1.18|3.59|0.783597763|0.12|4.16|-1426.518007|703.43|7.6778
12m_a30|531.4632661|6.0|0|0.1615|0.770326886|3.6891|-6.22|32.0|-57.96147772|683.7405759|3.89|2.06|4.66|0.773732767|0.13|3.4|-1743.174906|714.92|7.5114
9_a15|471.903131|7.0|0|0.0115|0.8105478740000001|1.4625|-5.52|27.0|-41.10356167|532.0914339999999|4.24|1.96|3.16|0.51257747|0.19|3.9|-1223.687392|588.55|6.9706
2_a1|367.8635872|2.0|1|0.2991|0.5574897879999999|3.5853|-6.04|21.0|-28.32386891|299.6692382|2.76|2.49|2.91|0.6944040029999999|0.18|4.0|-920.184721|489.42|5.2366
14a_a10|661.4615097|7.0|1|0.0005|0.740051323|3.1205|-6.82|35.0|-32.23041637|1003.968547|3.29|1.94|3.98|0.542015878|0.39|4.16|-1489.803158|800.01|7.1308
20_a31|498.4558574|7.0|0|0.2011|0.7507116140000001|3.7403|-6.39|27.0|-53.79798102|557.1050635|3.29|1.1|3.46|0.710707042|0.26|6.49|-1880.734655|666.67|8.0862
12o_a30|543.3140456|5.0|0|149.0|0.7463962120000001|5559.0|-5.75|30.0|-49.48891079|652.8825454|4.49|3.31|4.63|0.8131344979999999|0.14|4.47|-2035.338699|687.92|7.8097
4S4k_a46|472.7005375|2.0|1|0.0654|0.784722915|2.2655|-5.46|25.0|-47.49082053|519.5743695|4.05|2.84|3.8|0.8679099640000001|0.33|4.26|-1053.415665|566.82|6.7055
6d_a40|424.7009165|5.0|1|0.3518|0.604211552|7.8884|-6.36|30.0|-73.59650182|555.2010623|3.87|2.01|3.98|0.86005241|0.21|4.8|-2470.793925|656.5|8.9208
10_a32|470.8845962|7.0|0|0.2983|0.764217655|2.4919|-6.44|27.0|-54.55170955|513.9156315|3.23|0.88|3.56|0.6946347429999999|0.22|5.64|-1916.631761|654.7|8.1427
3j_a32|459.4516326|3.0|0|0.3005|0.7557114|3.6238|-5.6|23.0|-37.33051857|398.2788055|3.89|1.94|3.27|0.7487739999999999|0.24|6.68|-1671.479105|564.55|8.0969
47c_a18|653.4941186000001|12.0|0|0.5869|0.7601847759999999|3.3075|-6.61|38.0|-57.54296759|1167.054827|3.98|2.41|4.61|0.7489981509999999|0.3|2.84|-1664.721977|850.89|8.5229
12bc_a36|560.6615736|5.0|0|0.3478|0.771220556|6.5854|-6.26|31.0|-51.87437401|661.6709012|3.93|2.99|4.73|0.77146807|0.14|3.99|-2152.100551|705.12|8.0969
16_a47|358.566882|3.0|0|0.0909|0.57616624|2.3795|-6.04|25.0|-48.30620628|357.35851410000004|3.27|2.72|2.93|0.697929921|0.06|4.47|-1167.0124560000002|534.69|9.0
5b_a40|442.1045286|3.0|1|0.3005|0.503365018|7.2947|-5.42|21.0|-38.64461938|285.9136384|4.14|2.89|3.13|0.829018186|0.21|4.93|-2096.767375|515.23|7.1938
9a_a36|505.25728260000005|5.0|0|0.4811|0.79302567|5.7274|-6.74|29.0|-45.04449811|578.2841135|2.66|2.02|4.69|0.7638345870000001|0.14|3.04|-1252.77514|648.41|7.8861
11_a3|367.9098016|2.0|0|0.4441|0.834020779|3.3694|-6.59|22.0|-45.19136777|311.6695405|2.22|0.8|3.19|0.752484736|0.0|3.79|-1288.165162|508.58|7.3979
3_a4|446.8068266|2.0|1|0.0871|0.623172012|2681.0|-5.99|24.0|-25.5405205|409.0289917|3.12|2.44|2.99|0.7196876640000001|0.15|4.02|-990.6149055|535.44|6.983
12j_a36|563.0803357000001|6.0|0|98.0|0.855081905|6.4451|-6.64|31.0|-46.2113679|725.9470896|3.19|2.51|4.86|0.7758129420000001|0.17|3.33|-1670.420129|694.28|8.0
18_a3|374.610053|2.0|0|0.3326|0.6858831809999999|2.6366|-6.7|21.0|-31.07331853|270.539096|1.79|0.93|2.62|0.682492203|0.0|3.42|-889.9402005000001|482.41|7.5229
47o_a18|586.0020642999999|9.0|0|0.5065|0.733228144|2.2316|-6.12|34.0|-56.13142962|931.8364349|4.16|2.94|4.17|0.872753077|0.25|3.69|-1455.547304|783.22|7.3279
4n_a46|496.2788787|2.0|1|0.0711|0.7427183759999999|6.2318|-5.26|26.0|-56.80797266|525.8291956999999|4.41|2.99|3.75|0.863203663|0.27|4.33|-1090.302556|578.83|5.2845
13n_a6|486.5239262|6.0|0|0.1945|0.82642394|7.1946|-7.23|33.0|-68.88015714|724.3873672999999|2.43|0.81|3.55|0.748967057|0.08|4.19|-1423.714738|727.69|7.1249
12ay_a36|537.618563|5.0|0|0.1464|0.857993338|6.2579|-6.38|31.0|-48.12939044|729.1873176|3.41|2.45|4.96|0.778164805|0.21|3.76|-1311.547668|674.33|7.7447
12e_a40|423.3709264|2.0|1|284.0|0.8096582170000001|2.5946|-5.26|24.0|-71.78145688|348.3847394|4.72|2.93|3.27|0.790818822|0.0|4.34|-2248.244231|552.91|5.9318
18a_a22|628.6440468999999|6.0|1|0.0354|0.722009212|3.851|-6.28|32.0|-34.36220678|730.9420477000001|3.78|2.13|3.49|0.710467198|0.08|5.32|-1691.2957760000002|695.35|7.8861
3m_a32|477.1904954|3.0|0|0.2952|0.6672533589999999|5082.0|-6.17|27.0|-50.60363458|554.9424306|3.57|1.74|3.51|0.674468222|0.3|7.02|-1863.46877|641.52|7.6383
15c_a10|627.5338454|6.0|1|0.0|0.733973277|2.4256|-6.99|34.0|-32.5870313|924.9341455|2.94|1.74|3.85|0.528228415|0.37|3.77|-1450.500669|762.21|7.0
4a_a49|464.3095353|6.0|1|0.0789|0.731643066|3.9716|-7.52|30.0|-57.79201133|620.5697596|1.71|1.25|3.35|0.650301539|0.22|3.4|-1313.158118|660.19|7.4949
13_a1|395.1486144|4.0|0|0.3535|0.833702788|2.7595|-6.48|28.0|-64.94184903|505.2124255|2.94|1.74|3.35|0.7082629840000001|0.09|4.75|-1238.367298|613.52|6.585
16b_a32|478.3482386|7.0|0|0.2849|0.6762731040000001|4.4055|-6.72|28.0|-56.84546999|597.8890744|3.14|0.41|3.71|0.7476362679999999|0.28|5.4|-2315.951437|676.92|7.7696
27a_a34|421.319507|6.0|1|0.0203|0.749941528|10.8591|-7.29|33.0|-74.78290605|718.5861133999999|2.59|1.06|3.66|0.764921711|0.13|2.01|-1861.695683|737.7|6.6198
4d_a46|513.9109507000001|2.0|1|0.1313|0.623144956|3.5318|-5.4|25.0|-30.95621863|509.0572545|4.3|2.84|3.78|0.813427965|0.35|4.81|-1453.817782|588.18|6.2865
4R4l_a46|486.6405745|3.0|1|0.0851|0.7936534740000001|2.1973|-5.23|26.0|-49.12015477|579.2365607|4.49|3.06|3.92|0.8782984840000001|0.36|4.64|-1092.728268|584.44|6.8633
8a_a8|329.9007832|4.0|1|0.1729|0.7318727540000001|5.4201|-7.04|30.0|-78.93428863|529.053307|2.4|1.9|3.37|0.76420633|0.05|3.13|-1367.744724|620.68|4.9454
12am_a36|563.0333297999999|7.0|0|0.2987|0.624142499|5.9258|-6.4|34.0|-63.19394154|672.4630346|3.86|2.04|4.81|0.788334835|0.17|3.31|-1645.169789|714.21|7.2218
4h_a46|601.9869510999999|6.0|1|0.291|0.6947264059999999|1.7601|-6.38|36.0|-65.24476749|1021.999374|4.21|2.27|4.63|0.805506105|0.3|3.46|-1923.878801|792.61|6.6402
14f_a23|604.5178506|6.0|2|0.1699|0.71381683|6.3534|-6.47|32.0|-40.51498423|683.7405759|3.55|2.72|3.57|0.665778294|0.09|3.42|-1744.429532|711.98|8.6459
47d_a18|682.5509007|12.0|0|0.5820000000000001|0.741366815|3.7605|-6.57|39.0|-52.14267013|1255.618298|4.16|2.6|4.73|0.69814381|0.32|2.81|-1704.0327519999998|875.6|8.0969
16j_a32|590.7291534|8.0|0|0.2907|0.762429418|3.4656|-5.73|30.0|-54.71915795|701.9321161|4.59|1.57|3.86|0.699790508|0.33|6.49|-2034.593521|729.78|8.0315
1_a6 (SB-431542)|352.3666367|4.0|0|0.3346|0.795744863|6.0113|-6.73|29.0|-74.98172333|513.4628663999999|2.7|1.54|3.25|0.7531996609999999|0.05|4.04|-1292.553086|619.92|5.8119
5a_a40|377.5905776|3.0|1|0.4461|0.5263598389999999|5.7163|-5.9|19.0|-34.5789643|244.8873477|2.88|1.85|3.04|0.8224652720000001|0.21|3.68|-1177.5835470000002|466.79|7.0915
16a_a10|634.4309626|9.0|1|0.0841|0.72613292|3.8323|-5.91|33.0|-36.408063|879.8636987|4.33|2.47|4.11|0.7270593190000001|0.3|4.73|-1395.13019|760.0|7.3279
3k_a32|494.8840288|3.0|0|0.3082|0.7681279190000001|3.2233|-5.01|25.0|-40.10830541|506.658189|4.97|2.41|3.47|0.78057227|0.32|7.12|-1750.1383649999998|611.65|8.0605
1h_a5|459.3001331|3.0|0|0.1754|0.6977404359999999|2.2396|-5.77|24.0|-35.25675213|409.0289917|3.43|2.13|2.8|0.7450549759999999|0.05|4.99|-990.6032645|556.57|7.5528
11a_a31|245.6599349|3.0|0|0.2797|0.819138461|6.4691|-6.51|23.0|-76.64827023|302.14325319999995|2.53|0.57|3.26|0.735254945|0.13|3.93|-1441.411622|529.63|6.7212
17_a4|458.3237652|3.0|1|0.2045|0.484393047|4.8197|-5.56|25.0|-45.75108579|319.5521911|4.01|3.66|3.31|0.861696586|0.11|4.59|-1255.968357|527.39|6.057
1i_a5|494.6981114|4.0|0|0.0207|0.513260607|2.6336|-5.73|27.0|-50.81756452|403.396385|3.95|2.73|2.83|0.759459597|0.05|5.48|-1288.322373|569.42|7.6198
9r_a24|564.3096436000001|8.0|0|0.0029|0.7526889940000001|1.9698|-6.83|30.0|-41.49802275|670.2247423|2.69|1.02|3.53|0.6152148279999999|0.22|4.23|-1294.451958|713.25|7.9586
3t_a32|523.3947687|7.0|0|0.2906|0.687253845|1.2641|-5.81|27.0|-50.65701113|582.0730423|4.09|1.74|3.58|0.684474482|0.3|7.65|-1864.678788|677.16|8.0458
12o_a36|546.7667677000001|7.0|0|0.2888|0.817582774|4.9237|-7.66|33.0|-59.0895896|757.7532208|1.85|1.49|4.97|0.666462845|0.17|2.38|-1440.926241|728.07|7.3979
14e_a23|644.0923882999999|6.0|2|0.3178|0.5415996160000001|3.7696|-6.06|34.0|-51.07141556|658.8108151|4.46|3.82|3.54|0.796525872|0.09|4.42|-1966.943431|706.39|8.5214
11c_a5|489.4652669|6.0|0|0.2186|0.658307423|2.5278|-6.59|28.0|-47.99592739|523.8031619|2.78|1.13|2.96|0.707039635|0.09|4.79|-1218.454079|636.14|7.6021
21b_a23|652.4673795|5.0|2|0.2333|0.668547062|9.5312|-6.42|33.0|-41.81114831|712.6737861|3.7|2.6|3.59|0.812334718|0.08|3.92|-1761.4722969999998|735.65|7.0691
11b_a5|524.5231302|6.0|0|0.2013|0.682032125|1.9569|-6.03|27.0|-45.82509318|504.9898148|3.62|2.01|2.99|0.66824472|0.1|5.38|-1564.72614|635.55|7.7212
9_a1|435.4501351|4.0|0|0.5409|0.572272366|4.1623|-5.81|27.0|-46.63553015|472.9447227|3.76|2.74|2.78|0.7816897429999999|0.05|5.86|-1187.193365|600.6|5.2218
12x_a36|562.6051882|6.0|0|0.0199|0.855081905|5.6653|-6.64|31.0|-49.60929169|725.9470896|3.19|2.51|4.87|0.7768535409999999|0.17|3.33|-1670.419519|719.63|8.1549
12k_a30|539.9866061|6.0|0|0.1512|0.7933543279999999|4.9516|-6.19|31.0|-52.35426525|704.0353382000001|3.84|2.51|4.72|0.7081361979999999|0.17|3.89|-1690.269144|710.82|7.6144
6_a3|390.8623623|2.0|0|129.0|0.773152968|2.8131|-5.68|23.0|-52.01903278|353.7528308|3.79|2.11|3.05|0.80281499|0.0|4.96|-1731.7043199999998|524.88|5.7501
3q_a32|524.6043311000001|7.0|0|0.2897|0.716172604|4.1362|-6.35|28.0|-41.72706804|618.9134881|3.47|1.33|3.57|0.6349739010000001|0.3|6.43|-1920.042674|666.16|7.5528
7b_a10|480.6333417|2.0|0|0.0899|0.586354126|4.2068|-5.09|25.0|-30.71062112|459.0250226|4.68|3.04|3.9|0.781045839|0.25|4.34|-1450.06366|562.31|4.7033
17_a3|408.6362608|2.0|0|0.4062|0.773152968|3.8077|-5.61|23.0|-50.20132919|353.7528308|3.88|2.37|3.13|0.840062179|0.0|4.96|-1731.72355|537.32|7.6383
12e_a30|541.7533217|6.0|0|151.0|0.7933543279999999|5551.0|-6.19|31.0|-52.50202674|704.0353382000001|3.84|2.51|4.72|0.7071208529999999|0.17|3.89|-1690.2687170000002|709.98|7.9431
17_a20|598.1153253|4.0|0|0.2977|0.71987165|3.9703|-6.09|31.0|-41.75129828|637.7803874|3.75|1.45|3.5|0.75430388|0.08|5.8|-1291.918735|673.68|5.6478
19e_a38|523.2534216|6.0|0|0.3738|0.700181525|5.8426|-6.39|32.0|-56.34606212|696.3887025|3.55|2.75|4.96|0.749190974|0.12|4.03|-1409.547647|685.34|8.0083
3p_a32|482.3550967|4.0|0|0.3083|0.6956696440000001|4.3094|-6.8|27.0|-41.73212799|530.5658569|2.7|1.1|3.38|0.6199678829999999|0.26|6.06|-1879.527843|626.32|7.585
12d_a30|544.6198897999999|5.0|0|149.0|0.7991060659999999|4434.0|-5.81|30.0|-47.69710881|686.039456|4.23|3.04|4.75|0.8143892140000001|0.17|4.35|-1615.063947|695.57|7.9508
12g_a31|357.8560168|7.0|0|265.0|0.7983388929999999|1.6279|-6.86|27.0|-78.87508829|524.0230338|2.52|0.86|3.61|0.6886488690000001|0.32|5.19|-1578.800869|664.44|6.9586
14t_a23|600.1979272000001|5.0|2|0.0003|0.6906097959999999|5.8672|-6.1|31.0|-36.09926385|666.0036144999999|3.94|3.24|3.52|0.799945841|0.09|3.88|-1669.21916|692.08|8.3979
8k_a46|529.6539372999999|5.0|1|0.1166|0.687020939|3.4118|-6.75|34.0|-61.98124174|865.6610153999999|3.45|1.86|3.94|0.8265691140000001|0.24|2.94|-1845.257085|742.04|6.8327
6_a47|456.3812788|3.0|0|0.2119|0.672308592|3.2606|-5.02|27.0|-43.43026699|469.7495559|5.06|3.48|2.82|0.7943908059999999|0.05|5.24|-1608.652005|576.56|7.9
18b_a25|656.9874135|6.0|1|0.0468|0.6915652390000001|2.8141|-5.93|34.0|-44.30110081|809.2903831|4.48|2.2|3.58|0.7847794690000001|0.07|5.93|-1767.494087|728.12|7.2924
13d_a5 (GW788388)|511.985152|6.0|0|0.1549|0.71006207|2.4867|-6.94|32.0|-57.42492153|723.0631751|2.75|1.37|3.21|0.669182121|0.2|4.56|-1390.548362|707.09|7.7447
12ak_a36|611.9003905000001|6.0|0|0.0001|0.860667615|6.3682|-6.19|32.0|-49.87483724|799.5563855|3.8|2.66|5.05|0.737439195|0.24|3.85|-1350.865407|730.3|7.3372
22_a4|413.8681986|2.0|1|0.1293|0.755510052|3.5548|-5.91|22.0|-45.61565825|338.71903330000004|3.03|2.09|3.3|0.8444670409999999|0.11|3.19|-934.240411|519.39|7.3279
4j_a46|561.0237355|4.0|1|0.1418|0.728293097|2.9043|-5.09|27.0|-34.99059698|642.1335502000001|4.81|3.28|4.0|0.776932317|0.39|5.18|-1132.018764|646.67|6.0942
12ao_a36|550.8740683|6.0|0|0.0033|0.856135378|5.4691|-6.34|31.0|-51.52001456|698.847203|3.45|2.38|4.87|0.7820981779999999|0.12|3.62|-1310.328652|701.9|7.5229
3o_a32|483.0270239|3.0|0|0.2851|0.840991936|3.2729|-6.17|26.0|-42.51640563|541.0877621000001|3.46|1.58|3.47|0.7850948190000001|0.32|6.39|-1805.473626|620.56|6.6198
47l_a18|571.4972966|9.0|0|0.5019|0.733228144|2.4594|-6.39|34.0|-57.15119372|931.8364349|3.78|2.94|4.17|0.796109347|0.25|3.69|-1455.5497369999998|764.74|7.4949
2_a47|422.1277419|3.0|0|0.2143|0.875463345|2.1266|-5.0|24.0|-41.57671973|392.6099255|4.52|2.39|2.58|0.784978115|0.0|3.7|-1010.505024|536.13|6.2
12bg_a36|576.6383913|5.0|0|0.4409|0.771220556|6.6844|-6.26|31.0|-51.74990566|661.6709012|3.93|2.99|4.75|0.747867728|0.14|3.99|-2152.104584|703.94|7.8239
11a_a5|638.3599998999999|7.0|0|0.1838|0.7410766209999999|2.8611|-4.54|32.0|-46.13206353|835.912531|6.13|3.05|3.53|0.740865275|0.3|6.38|-1339.802852|739.79|7.0915
12b_a50|465.4891075000001|2.0|2|0.0777|0.660148928|4.0567|-6.44|24.0|-22.92589265|388.171611|2.5|2.02|3.31|0.5731907470000001|0.11|2.59|-1006.641541|539.15|5.3242
13m_a6|498.9881336|6.0|0|0.1924|0.82642394|4.2913|-7.23|33.0|-68.97140339|724.3873672999999|2.43|0.81|3.59|0.7362989999999999|0.08|4.19|-1423.712909|726.28|8.0
13h_a6|606.9504647000001|6.0|0|0.2121|0.789769968|7.2872|-6.31|33.0|-51.85624128|744.1359788|3.7|1.13|3.64|0.736918588|0.12|5.41|-1386.569017|738.61|7.3279
18_a47|487.2556678|4.0|0|0.0516|0.630969651|3.4464|-5.87|31.0|-49.44908758|628.5247532999999|4.13|2.63|3.47|0.7327484470000001|0.08|5.53|-1354.180815|652.12|8.6
5_a47|426.5981263000001|3.0|0|0.2108|0.675164258|2.9121|-5.19|26.0|-46.33853208|416.1194472|4.7|3.26|2.67|0.781571204|0.0|4.73|-1569.333281|561.61|7.7
13b_a5|537.6736515|5.0|0|0.3064|0.653356347|3.5881|-6.58|30.0|-44.93506461|638.8437454|3.01|1.96|2.97|0.654076389|0.17|4.64|-1276.030896|672.43|6.9586
12k_a36|555.1026569|6.0|0|0.0908|0.856135378|5.7818|-6.34|31.0|-49.87227128|698.847203|3.45|2.38|4.89|0.7806817009999999|0.12|3.62|-1310.312649|697.92|7.8539
14m_a23|643.9145427|6.0|2|0.3335|0.5415996160000001|6.1522|-6.06|34.0|-50.63012925|658.8108151|4.46|3.82|3.51|0.7958339090000001|0.09|4.42|-1966.945041|707.56|8.5171
16a_a32|470.82456669999993|7.0|0|0.2859|0.81143469|1.3736|-6.85|27.0|-56.2527503|532.685565|2.65|0.88|3.53|0.6968200370000001|0.22|5.32|-1896.770883|664.67|7.9586
8e_a46|469.146955|2.0|1|0.2162|0.668786636|3.2194|-6.02|23.0|-27.16690715|426.71841|3.01|2.13|3.21|0.7492419109999999|0.32|4.09|-954.9056294|552.99|6.3915
7_a1|342.53930230000003|2.0|1|0.2961|0.729621031|4575.0|-6.4|23.0|-40.16416679|351.4191817|2.48|1.6|3.09|0.603382856|0.22|3.43|-1009.48087|515.2|6.3372
12b_a32|488.9595947|7.0|0|0.2865|0.7507116140000001|3208.0|-6.4|27.0|-50.88975159|557.1050635|3.28|1.1|3.47|0.60420609|0.26|6.49|-1880.732075|663.89|7.585
9b_a31|410.2957125|7.0|0|0.2627|0.77051712|5.2851|-6.77|27.0|-63.73317225|524.0230338|2.64|0.86|3.58|0.689175183|0.32|5.26|-1578.801576|663.06|7.2007
14b_a23|548.6057241000001|5.0|2|0.3603|0.5935522360000001|6.8752|-6.31|31.0|-41.01458464|599.5697147999999|3.68|3.4|3.42|0.774359705|0.05|3.78|-1729.139722|673.05|8.3536
18_a10|562.0732377|5.0|1|0.1637|0.6886547670000001|4.7596|-6.34|31.0|-36.52271591|713.2632062000001|3.49|2.14|4.07|0.641615544|0.32|4.65|-1336.404041|687.19|6.8861
GW6604_a52|431.7909048|3.0|0||0.689009112||-5.95|23.0|-35.51891876|359.1060668|3.06|1.91|2.68|0.73529506|0.0|4.49|||6.9706
33_a47|438.726241|3.0|1|0.2566|0.607650682|4.5647|-6.78|25.0|-32.1568697|388.178924|2.19|1.52|3.08|0.57681348|0.11|2.96|-1123.135036|566.29|8.4
12b_a5|521.9354031|5.0|0|0.0001|0.8121510009999999|5.7174|-7.57|30.0|-41.76622313|727.8586176|1.63|1.54|4.05|0.530379611|0.33|3.29|-1276.8943800000002|669.05|7.3768
14u_a23|607.6448353|6.0|2|0.0008|0.71381683|5.9743|-6.47|32.0|-36.90928915|683.7405759|3.55|2.72|3.59|0.702868983|0.09|3.42|-1744.422541|712.54|8.2449
9_a4|509.9632679|2.0|1|0.0584|0.58669472|4.4343|-5.56|26.0|-28.63837014|489.7528555|4.14|3.15|3.18|0.792890434|0.19|5.14|-1489.533032|586.24|7.3188
5b_a49|468.4133145|3.0|1|0.0747|0.666573331|4.3767|-7.24|30.0|-41.03213895|612.7019937000001|2.08|2.07|3.34|0.608694741|0.22|2.98|-1292.100239|633.92|7.5528
7a_a8|421.9297638000001|3.0|1|0.1575|0.681200974|9.9646|-6.33|29.0|-60.00793116|488.0169522|3.24|2.01|3.34|0.733884399|0.05|3.96|-1291.287017|605.72|4.6068
15_a10|545.6177511|5.0|1|0.1647|0.635064845|4.5192|-6.07|28.0|-35.30133759|563.875765|3.68|2.53|3.29|0.646412648|0.23|4.91|-1604.057542|641.98|7.4815
13a_a5|493.6342317|8.0|0|0.1992|0.720100768|3.3414|-7.18|30.0|-57.31787843|620.5697596|2.19|0.95|3.07|0.598791539|0.13|4.39|-1313.126035|688.18|7.041
4p_a46|513.8073925|2.0|1|0.0763|0.751334374|3.6961|-5.09|27.0|-56.55658053|585.8536976|4.77|3.2|3.89|0.87420565|0.3|4.85|-1129.618646|598.19|6.4672
19_a15|399.3803987|5.0|0|0.4895|0.7358168620000001|6.7515|-6.22|26.0|-54.70558911|490.1808545|3.29|1.64|2.99|0.922135562|0.11|2.36|-1523.361214|601.23|7.1427
47k_a18|656.2580564|11.0|0|0.5920000000000001|0.737517943|4.1818|-6.41|38.0|-51.59195677|1167.054827|4.26|2.82|4.66|0.7153044209999999|0.3|2.39|-1664.728002|842.29|7.5376
17b_a25|668.9067217|7.0|1|0.1741|0.636746066|3.5074|-6.53|35.0|-51.71860811|832.226697|3.61|2.0|3.56|0.724866184|0.11|4.88|-1483.830524|781.08|6.9957
19a_a38|446.57675660000007|5.0|0|0.0721|0.698414933|4.7986|-6.77|30.0|-51.36166266|595.8790650000001|2.78|2.4|4.83|0.744796537|0.14|3.13|-1332.1529369999998|628.65|8.0106
17d_a50|644.9008302|6.0|2|0.1819|0.7276268779999999|5.6557|-6.25|32.0|-30.63468215|829.3813984|3.72|2.71|4.07|0.75405703|0.35|4.0|-1335.962757|727.15|7.1308
28_a47|359.8303775|5.0|1|0.2996|0.614975047|6.0847|-7.22|28.0|-67.33744077|428.5826478|1.97|1.67|3.08|0.65225927|0.05|2.49|-1335.722248|599.88|7.6
9c_a31|429.9685721|8.0|0|0.2554|0.770283733|1.3617|-6.53|28.0|-65.84728287|583.9691392000001|3.1|1.08|3.66|0.670716706|0.35|5.64|-1618.115927|691.3|6.3768
33_a20|621.611679|4.0|1|0.0463|0.607038752|3.5714|-5.58|31.0|-38.58254635|664.4562602999999|4.47|2.61|3.39|0.759356182|0.08|5.33|-1275.823229|689.51|7.4685
15_a31|301.452236|4.0|0|348.0|0.782925607|5.5793|-6.84|24.0|-61.76522754|363.593507|2.18|0.41|3.31|0.641533577|0.19|4.12|-1460.861851|556.68|5.9586
43_a18|661.9512957999999|9.0|0|0.5429|0.712848727|3.0482|-5.78|38.0|-54.49271386|1228.492038|5.1|3.7|4.54|0.8743733490000001|0.34|4.5|-1611.598032|843.1|6.2041
8e_a8|403.5112981|5.0|1|0.1671|0.636205913|6.1505|-6.14|30.0|-70.49962428|561.882658|3.69|3.4|3.2|0.803307236|0.04|4.33|-1376.924308|639.38|4.7014
41_a47|464.8854878|4.0|1|0.2504|0.609110565|4.9162|-6.66|26.0|-34.50740631|439.9906467|2.49|1.75|3.18|0.653147815|0.16|3.34|-1162.462261|603.1|8.0
4_a4|480.8472306|2.0|1|67.0|0.636572383|2.6814|-5.79|25.0|-25.64211031|462.1867149|3.52|2.66|3.15|0.793717973|0.19|4.52|-1029.93716|566.84|7.1079
18_a4|382.6371479|3.0|1|0.1|0.615655659|2.7878|-6.58|23.0|-46.48874223|337.0066459|2.24|2.2|3.32|0.769438308|0.11|3.46|-1033.454769|523.81|5.5817
1k_a5|400.8898627|3.0|0|0.1239|0.558485747|1.5911|-5.99|24.0|-40.40908188|357.34245360000006|3.16|2.29|2.71|0.724954458|0.0|4.88|-1050.51717|533.8|7.3188
20b_a10|480.905232|5.0|1|0.1382|0.6980623109999999|5725.0|-6.53|34.0|-60.68950774|769.1246171|3.52|2.41|3.54|0.7616213270000001|0.11|4.23|-1465.587932|687.84|5.9586
14r_a23|557.8203557999999|5.0|2|0.0008|0.5935522360000001|6.2620000000000005|-6.31|31.0|-40.32463891|599.5697147999999|3.68|3.4|3.47|0.7882228370000001|0.05|3.78|-1729.1326809999998|678.08|8.2684
5_a15|649.9369163|8.0|0|0.0199|0.7950674740000001|4.3576|-5.55|33.0|-45.57134103|779.0599798999999|4.86|2.0|3.79|0.5089899720000001|0.15|4.92|-1470.779775|737.16|7.8861
1j_a5|455.0425806|4.0|0|0.1644|0.717355058|2.2503|-6.15|25.0|-39.64241895|422.96706330000006|3.03|1.57|2.76|0.616489567|0.05|4.5|-1065.817476|572.47|7.6198
5_a18 (BIBF0775)|636.6978809999999|8.0|0|0.4825|0.7061155790000001|2.3389|-5.96|37.0|-52.09190866|1140.896548|4.73|3.52|4.42|0.8159410579999999|0.32|4.09|-1572.290174|817.02|7.4685
12u_a30|568.9563615000001|5.0|0|0.1502|0.711738503|5.3020000000000005|-5.52|31.0|-51.83732031|685.6665849999999|5.12|3.79|4.63|0.810462868|0.14|5.11|-2494.927579|705.15|7.4647
8a_a50|433.9235497|2.0|1|0.1217|0.7135713840000001|3.5509|-6.12|24.0|-34.88425666|388.171611|2.95|2.02|3.34|0.751415713|0.11|3.63|-1006.637067|548.47|7.3279
13c_a6|535.5975578|6.0|0|0.28|0.7995080809999999|7.7129|-5.88|32.0|-63.73961873|692.8471883999999|4.23|1.5|3.61|0.772032541|0.16|5.38|-1389.371325|719.8|7.1367
IN1166_a11|596.0640225999999|5.0|0|0.1239|0.790249345|3365.0|-6.52|32.0|-51.07061499|676.2770877|3.27|0.92|3.51|0.694302821|0.08|5.01|-1347.256659|704.48|7.9318
47f_a18|711.5604361000001|13.0|0|0.5741|0.745431271|3.8532|-6.4|40.0|-54.18475173|1347.416568|4.52|2.79|4.87|0.726550657|0.34|3.22|-1743.346389|908.66|8.0458
4_a47|475.6168721|3.0|0|0.2221|0.8124901999999999|4.2607|-4.99|26.0|-42.46254967|471.7712484|4.96|3.1|2.75|0.806604393|0.05|4.83|-1509.4201369999998|576.9|7.5
3d_a49|424.6551631|4.0|1|0.0931|0.846953747|2184.0|-6.58|28.0|-57.52001036|549.3593871|2.98|1.07|3.29|0.756622045|0.15|0.72|-1594.552258|615.3|5.6308
47j_a18|627.366638|11.0|0|0.5439|0.757001264|4.1619|-6.46|37.0|-56.816779|1081.726154|4.07|2.63|4.54|0.764425062|0.28|2.43|-1625.413107|839.37|7.4559
12b_a30|485.6272203|5.0|0|0.1525|0.64876559|3.7327|-6.02|30.0|-53.05077947|618.6004214|3.97|3.2|4.63|0.798520682|0.14|4.25|-1674.977262|673.18|8.1543
19_a3|397.1650228|2.0|0|0.3006|0.687139108|2191.0|-6.5|22.0|-31.50932639|314.0966684|2.19|1.18|2.81|0.75798185|0.06|3.9|-929.2608626|499.93|7.6383
14a_a5|534.8590069|6.0|0|0.5853|0.71006207|2.7115|-7.08|32.0|-54.69145586|723.0631751|2.55|1.37|3.24|0.629783335|0.2|4.56|-1390.546425|692.8|6.9508
27c_a34|424.51250080000005|6.0|1|0.0093|0.804740647|7.6204|-6.85|32.0|-76.84420762|673.8038326000001|2.9|1.71|3.55|0.7381974290000001|0.12|3.11|-1426.482676|709.72|6.0969
12f_a30|589.6060704|7.0|0|0.1596|0.593245722|3.6633|-5.66|34.0|-63.81176255|696.6414817000001|5.05|2.82|4.73|0.815175332|0.17|4.43|-1987.998635|729.87|7.7144
12a_a36|503.9367075|5.0|0|0.0012|0.855821486|6.3637|-6.72|29.0|-46.76212019|598.1535763999999|2.68|2.02|4.75|0.755315434|0.14|2.72|-1232.916523|653.94|7.8861
8b_a32|494.8166492|7.0|0|0.2943|0.7507116140000001|846.0|-6.44|27.0|-53.36442734|557.1050635|3.22|1.1|3.46|0.669149204|0.26|6.49|-1880.735397|671.54|7.9208
22_a47|412.2379505|5.0|1|0.0799|0.591185263|4.2485|-6.58|29.0|-47.64347429|482.9384172|3.0|2.97|3.31|0.6096864479999999|0.1|3.07|-1375.021925|605.12|9.0
17g_a50|614.4183967|6.0|2|0.1795|0.7276268779999999|7.0584|-6.28|32.0|-32.14758511|829.3813984|3.68|2.71|4.04|0.749948388|0.35|3.71|-1335.946919|725.92|6.6091
2_a20 (SB-505124)|423.3785776|3.0|0|0.3267|0.790275077|2.5584|-5.31|25.0|-45.98170774|477.95809620000006|4.27|2.06|3.4|0.831919306|0.3|5.16|-1089.358727|593.8|6.7721
2_a3|352.0174726|2.0|0|0.0962|0.841871246|4.0121|-5.93|22.0|-49.07072207|330.4083896|3.13|1.6|2.97|0.727984269|0.0|4.34|-1272.114086|503.34|5.4
14ae_a23|625.0131414|7.0|2|0.3205|0.7317531540000001|7.0211|-6.68|34.0|-46.69131269|770.8206617000001|3.52|2.42|3.74|0.53040766|0.12|3.48|-1858.952529|751.57|8.6038
8_a10|478.5356341|4.0|1|0.0916|0.616731847|1.2052|-6.25|29.0|-32.63117642|583.7217118|3.37|2.46|3.42|0.722649449|0.22|4.46|-1257.819281|594.63|6.279
14ad_a23|634.0697778|7.0|2|0.4106|0.7317531540000001|5.2331|-6.68|34.0|-42.29008971|770.8206617000001|3.52|2.42|3.73|0.575880959|0.12|3.48|-1858.942973|747.83|8.3595
19a_a22|555.4133255|7.0|1|0.0623|0.699744887|4.5288|-7.67|35.0|-67.26339083|781.8210659|2.05|0.98|3.61|0.684706189|0.08|3.08|-1537.0241640000002|740.07|7.3188
12e_a36|533.058116|5.0|0|0.0006|0.856274847|6.5974|-6.55|30.0|-44.83739063|662.0530478999999|3.04|2.24|4.85|0.7610764190000001|0.17|3.24|-1272.23645|673.57|7.8539
LY364947_a10|372.4595738|2.0|0||0.681525895||-6.02|21.0|-34.01613475|287.99188260000005|2.74|1.74|2.46|0.7234846559999999|0.0|3.97|||7.2291
3a_a12|426.6622302|3.0|0|128.0|0.8847197109999999|1.3824|-5.88|23.0|-34.84701355|381.0058252|3.15|3.09|3.84|0.781050096|0.05|3.43|-951.3480023|528.84|6.7122
SB431542_a8|338.38158389999995|4.0|1||0.7318727540000001||-7.04|30.0|-76.82006387|529.053307|2.4|1.9|3.35|0.7608280590000001|0.05|3.13|||4.1019
3h_a32|550.2022886|7.0|0|0.2926|0.8030743229999999|3.5952|-4.29|26.0|-44.97387528|593.0848817000001|6.12|2.64|3.65|0.7734940029999999|0.35|8.11|-1790.663897|676.22|8.1549
19_a20|495.7134289|5.0|0|0.2998|0.7741509329999999|4.2507|-6.8|32.0|-60.26825633|684.5377542|2.91|1.33|3.49|0.796070588|0.08|4.97|-1368.378274|687.79|5.585
12i _a30|550.7287204|5.0|0|0.1577|0.7463962120000001|2.5397|-5.75|30.0|-50.00086637|652.8825454|4.49|3.31|4.62|0.806299097|0.14|4.47|-2035.339603|691.59|7.8013
3l_a32|514.9875423000001|3.0|0|0.2876|0.776480242|3.3955|-4.71|26.0|-40.30321333|565.7000781|5.51|2.64|3.58|0.788236719|0.35|7.34|-1789.4501510000002|629.26|7.9208
26_a20|535.3119506|5.0|1|0.0814|0.690530489|3.8173|-6.28|32.0|-58.21621279|712.1606951|3.63|2.47|3.42|0.7848887259999999|0.08|4.5|-1352.277633|715.27|6.8827
13l_a6|447.9705372|7.0|0|0.0165|0.827754203|7.2582|-6.59|33.0|-82.24617981|741.5222707|3.39|1.39|3.64|0.793671137|0.16|4.55|-1465.834958|735.52|6.4145
14e_a25|529.8614286999999|7.0|1|0.0007|0.6954126970000001|5.3651|-6.96|35.0|-73.99302943|811.3237836|3.04|1.69|3.62|0.806446896|0.07|3.65|-1520.964156|760.96|7.1249
7_a3|387.1238241|2.0|0|0.1262|0.773152968|3.1299|-5.68|23.0|-51.18177092|353.7528308|3.79|2.11|3.02|0.7992146109999999|0.0|4.96|-1731.703107|522.73|5.9901
2_a27|426.3224749|2.0|2|0.3217|0.60904903|4.7049|-6.69|24.0|-29.42169804|373.9912084|2.18|2.42|2.9|0.6684621829999999|0.11|2.43|-1043.7984|538.57|7.8861
2_a33|500.7570617|7.0|0|0.2911|0.753434785|4.2519|-6.17|28.0|-49.13901703|618.9134881|3.72|1.33|3.57|0.702597735|0.3|6.7|-1920.049452|655.74|8.2596
3g_a32|491.89858160000006|3.0|0|0.2859|0.786074011|3.3082|-4.9|24.0|-38.9071564|475.3634141|5.02|2.18|3.43|0.8007401590000001|0.28|7.02|-1712.036238|593.24|7.8539
8c_a32|484.6996147|7.0|0|0.3272|0.7507116140000001|8.4922|-6.45|27.0|-46.47597924|557.1050635|3.21|1.1|3.46|0.600684883|0.26|6.49|-1880.733377|646.97|7.4318
1f_a5|495.3305784|4.0|0|0.0228|0.513260607|3.7852|-5.73|27.0|-50.98614411|403.396385|3.95|2.73|2.9|0.757522389|0.05|5.48|-1288.3196369999998|577.11|6.6198
14c_a23|613.3401089|5.0|2|0.356|0.659570836|7.2704|-6.03|31.0|-37.73933093|633.3278634|4.21|3.51|3.4|0.7834075309999999|0.05|4.0|-2089.501598|693.64|8.6253
3i_a32|471.2508776000001|3.0|0|0.4765|0.54844677|2494.0|-5.53|24.0|-49.17963359|318.0257595|4.23|2.09|3.1|0.77072347|0.13|6.76|-1891.811327|530.5|8.2366
4S4l_a46|487.3122681|3.0|1|0.0614|0.7936534740000001|2.5083|-5.23|26.0|-49.45536962|579.2365607|4.49|3.06|3.92|0.877939134|0.36|4.64|-1092.727031|583.76|6.5834
7c_a8|532.3522286|5.0|1|0.1779|0.6881348629999999|12.0073|-6.34|30.0|-50.34151168|572.8089095|3.37|1.82|3.44|0.626902145|0.09|4.22|-1331.793312|662.05|4.7307
9h_a40|432.46450360000006|3.0|1|0.2721|0.7528137909999999|2.1413|-5.06|23.0|-46.04148264|336.23227030000004|4.51|3.22|3.3|0.863884935|0.11|4.59|-1293.151333|526.38|5.4001
5e_a40|411.0778166|3.0|1|0.5262|0.5087199929999999|7.87|-5.66|20.0|-36.56222854|264.9899736|3.51|2.37|3.03|0.8223594679999999|0.21|4.3|-1637.180703|493.19|7.6021
12b_a40|544.3244990000001|2.0|1|306.0|0.522580798|4.5528|-4.09|24.0|-37.05091872|370.3261123|6.68|5.07|3.26|0.856829717|0.0|6.58|-3016.9868100000003|576.38|7.3979
EW7203_a60|573.0312689|5.0|0|0.0448|0.760234689|1.7676|-6.35|31.0|-49.19385637|666.0036144999999|3.59|2.17|4.75|0.766837077|0.13|3.87|-1667.993536|678.83|8.0334
31_a47|431.7441681|5.0|1|83.0|0.6463892179999999|6.4248|-6.78|29.0|-66.4670426|513.2159236|2.86|2.0|3.18|0.70664003|0.1|3.23|-1735.400941|642.11|7.8
15a_a50|501.3207109|5.0|2|0.1767|0.76745052|6.6307|-6.78|28.0|-46.91098865|569.5267957000001|2.51|1.87|3.7|0.705410595|0.23|3.23|-1199.784983|644.4|7.3872
19j_a38|552.5012068|5.0|0|0.2625|0.6885713729999999|10.8124|-7.13|32.0|-57.80349365|640.025745|2.5|1.76|4.81|0.714369845|0.13|3.17|-1424.390074|686.26|8.1146
1_a1 (SKF-104365)|376.1092109|2.0|1|0.2178|0.551667506|4.5773|-6.01|21.0|-31.45099608|297.2783688|2.96|2.52|2.97|0.709744919|0.12|3.93|-1279.060907|491.18|5.7959
7_a27|477.7488532|3.0|2|0.4179|0.62067794|4.2487|-6.26|26.0|-34.09779211|479.0078184|3.02|2.88|3.24|0.763564713|0.2|3.32|-1122.433757|606.74|9.0
4b_a46|510.1086157|2.0|1|0.1784|0.69830739|3127.0|-5.67|25.0|-28.58477842|538.4165208|3.74|2.58|3.9|0.8104680259999999|0.38|4.69|-1033.535029|588.79|6.2612
11b_a50|485.8716402|2.0|2|0.0711|0.667956827|2.7805|-6.24|25.0|-23.23499995|439.9973344|2.9|2.25|3.44|0.642051995|0.15|3.09|-1045.961211|560.06|5.7696
10_a27|453.4194305|3.0|2|0.4452|0.614205449|4.6684|-6.51|25.0|-32.5969511|424.8821143|2.55|2.25|3.01|0.7453606909999999|0.16|2.81|-1083.1151289999998|573.31|7.1612
8m_a46|464.5573228999999|2.0|1|0.1441|0.77612204|2.0174|-5.61|24.0|-48.32436573|463.1469765|3.72|2.62|3.24|0.8854896870000001|0.3|4.16|-1014.091966|570.72|6.6402
14aa_a23|629.3423691|5.0|2|0.4157|0.693959193|5.8286|-5.92|32.0|-35.51947393|733.3886349999999|4.31|3.45|3.63|0.796659447|0.12|4.4|-1708.5422620000002|715.57|8.451
19_a4|451.8120313999999|3.0|1|0.3806|0.514505012|5.8295|-6.58|25.0|-38.9063534|450.6848883|2.62|2.16|3.46|0.764880253|0.16|2.97|-1446.909868|583.39|4.71
14q_a23|530.8381985000001|6.0|2|0.4943|0.7333675390000001|8375.0|-7.33|33.0|-61.51997721|693.3423458|2.46|2.28|3.52|0.777340899|0.04|2.57|-1798.6108739999995|714.22|7.8069
9_a47|421.2052248|3.0|0|0.2208|0.689770023|2.2966|-5.26|26.0|-44.13640712|442.7664664|4.43|2.99|2.87|0.790651977|0.05|4.61|-1149.055456|566.1|7.6
12d_a40|445.2300015|2.0|1|115.0|0.6948809659999999|1.2683|-5.13|23.0|-50.68561427|350.9435025|4.75|3.76|3.23|0.844283549|0.0|4.59|-2153.180821|552.57|7.7212
17f_a50|560.4567739|6.0|2|0.1708|0.7241275009999999|6.1931|-6.64|29.0|-29.10566644|652.6793116|2.83|2.09|3.81|0.721122105|0.26|2.87|-1219.220465|653.63|6.4001
2_a4|312.82106489999995|2.0|0|0.0008|0.912872667|1.7717|-6.69|19.0|-49.45826819|284.26458360000004|1.62|1.63|3.33|0.843107708|0.27|2.12|-819.8996124|458.73|7.5086
12y_a30|569.8856940000001|5.0|0|0.1489|0.803183654|4.7043|-5.64|31.0|-47.598277|754.3941655|4.6|3.25|4.86|0.820108145|0.21|4.87|-1654.382468|728.75|7.6576
18d_a25|705.8822532|7.0|1|0.0389|0.696372329|3.2353|-6.21|35.0|-46.31109519|883.4030667999999|4.21|2.4|3.66|0.75793699|0.11|6.33|-1806.812778|792.79|6.6345
12bi_a36|548.1337538|7.0|0|0.0252|0.8350231859999999|7.0514|-7.13|33.0|-57.89562053|766.4854363|2.62|1.42|4.97|0.4996603229999999|0.21|2.83|-1461.966152|742.94|7.8539
13e_a6|575.965487|5.0|0|0.0104|0.790249345|10.1884|-6.52|32.0|-49.62570093|676.2770877|3.27|0.92|3.51|0.722530518|0.08|5.01|-1347.25954|713.3|7.9208
7c_a10|529.8395322|4.0|1|0.0921|0.6952665379999999|3.9465|-6.2|29.0|-29.66615908|611.4957509|3.46|1.99|3.48|0.52630639|0.26|4.59|-1258.985004|635.47|5.4191
25b_a34|410.0313565|7.0|1|0.2259|0.787858064|7.0586|-7.07|29.0|-64.37123451|595.8522372|2.29|1.56|3.53|0.76274549|0.29|2.63|-1313.361559|668.48|5.6819
12ae_a36|533.6188092|7.0|0|0.3366|0.750657639|6.7458|-8.03|34.0|-63.96145017|805.2286932|1.64|0.84|5.03|0.6849975640000001|0.17|1.28|-1876.152311|754.15|7.8239
13_a10|413.5584641|2.0|1|0.1514|0.736686715|3.6904|-6.34|25.0|-47.88975806|422.96706330000006|2.76|1.88|3.02|0.7144943490000001|0.15|3.52|-1065.839441|550.83|6.7959
A7701_a51|399.6804233|2.0|0||0.688876851||-5.82|22.0|-32.97926236|332.8814548|3.14|1.98|2.66|0.799046392|0.06|4.46|||7.6021
9_a10|616.4802143999999|7.0|1|0.0041|0.692424727|2.9927|-6.87|33.0|-40.90513782|816.3832816|2.97|1.81|4.0|0.73129178|0.23|3.69|-1410.005954|740.24|6.7144
20_a4|441.9318823|3.0|1|0.1415|0.665774148|4.0681|-5.96|22.0|-29.16642156|338.71903330000004|2.96|2.09|3.23|0.6435852470000001|0.11|3.2|-934.2266312|517.72|6.1898
7_a4|415.6938929|2.0|1|0.0697|0.518356619|3.9832|-6.03|25.0|-32.72992462|407.1471338|3.22|2.82|3.05|0.7179916670000001|0.15|4.42|-1089.847072|538.92|6.821
8a_a12|462.3571879|3.0|0|0.2486|0.862306783|3.6588|-6.04|25.0|-30.69873711|464.1781753|3.18|2.89|4.06|0.791430726|0.15|3.87|-1046.0210880000002|556.3|6.7011
14g_a23|645.7104105000001|7.0|2|0.3478|0.575188253|7.2913|-5.94|35.0|-51.82254036|676.4530574|4.76|3.04|3.61|0.780315815|0.09|3.97|-2042.161409|730.13|8.0
7e_a8|495.8990914|4.0|1|0.1522|0.577394732|9.0006|-5.43|29.0|-51.4880895|519.5762494|4.54|3.54|3.2|0.776001552|0.04|5.16|-1300.467069|622.23|4.4547
15_a3|398.6887321|2.0|0|0.0173|0.911346861|1.9539|-7.35|23.0|-47.26593592|402.781061|1.28|0.96|4.12|0.850327497|0.24|2.21|-1328.665275|553.81|7.6021
47t_a18|449.789539|7.0|0|0.5502|0.688453085|7.7656|-6.46|33.0|-79.78154029|747.6927426|3.57|1.64|3.86|0.804531523|0.15|2.6|-1470.836067|703.76|6.1068
9h_a24|417.7355164|3.0|1|0.0073|0.656172477|5.6654|-6.85|22.0|-28.52000725|295.8603625|1.7|1.07|2.84|0.572371258|0.0|2.42|-945.2337612|506.68|7.1135
11c_a31|330.3862551|6.0|0|0.2627|0.787929678|5289.0|-6.56|26.0|-80.82023592|449.7512005|2.82|1.03|3.51|0.676089232|0.28|5.04|-1559.353434|622.22|6.8861
14_a15|568.5306056|6.0|0|0.0054|0.7933685340000001|3.3596|-4.97|30.0|-40.89540491|673.7288405|5.29|2.87|3.56|0.770309725|0.12|5.32|-1281.0669369999998|689.8|7.5229
7d_a10|446.2091497|2.0|1|0.0941|0.525816226|3.0178|-5.83|26.0|-31.47566249|460.1866123|3.62|3.04|3.21|0.729585423|0.19|4.92|-1129.175857|574.87|6.0325
18_a31|426.0718665|7.0|0|0.2457|0.838968212|3.0607|-6.72|25.0|-69.19879619|477.1857166|2.47|0.75|3.41|0.7774768320000001|0.28|4.9|-1465.4803960000002|630.26|6.8861
17a_a10|603.6608262999999|6.0|1|0.0867|0.673253555|4.1012|-7.43|35.0|-39.18491085|911.2106544|2.43|1.29|3.8|0.564726042|0.33|3.31|-1524.52012|767.6|7.3098
14w_a23|521.1762769999999|5.0|2|0.3855|0.558482531|7.0157|-6.35|32.0|-46.76570273|597.2903597999999|3.78|3.78|3.42|0.743451788|0.05|4.2|-1828.363862|676.92|8.6737
12bb_a36|442.2064275|5.0|0|0.0736|0.632625562|6251.0|-6.8|31.0|-58.19935506|593.6088758|2.88|2.78|4.72|0.719294078|0.14|3.55|-1431.374881|667.88|8.0
12as_a36|519.1478419|6.0|0|0.2402|0.770400825|4.8580000000000005|-7.21|32.0|-55.75872553|716.9974499|2.36|1.59|4.86|0.768125394|0.17|3.16|-1385.5651710000002|712.04|7.2291
16e_a32|507.6266039|8.0|0|0.2858|0.7619492790000001|3.2372|-6.15|28.0|-55.957388|573.3529948|3.76|1.12|3.64|0.702226562|0.26|6.03|-1955.965644|677.82|8.1367
12m_a36|477.48014630000006|6.0|0|0.4718|0.849217847|6.5789|-7.39|32.0|-67.27772044|689.2886595|2.11|1.28|4.83|0.7471181240000001|0.13|1.92|-1401.6158890000002|692.4|7.5229
15_a15|596.1118717|6.0|0|0.0066|0.796300317|1.6365|-5.26|34.0|-41.11675625|830.7967967000001|5.32|2.52|4.04|0.702544178|0.07|4.33|-1450.725355|700.82|6.9626
11_a4|537.5354202000001|4.0|1|0.0403|0.647727179|4187.0|-5.74|27.0|-31.35942689|575.2252237|3.99|3.15|3.31|0.7560913159999999|0.23|4.97|-1467.440475|630.04|6.9586
12ah_a36|535.2826672|5.0|0|0.0485|0.8065052890000001|5.4979|-6.49|30.0|-49.0084977|629.5017194000001|3.31|2.51|4.73|0.768906425|0.14|3.35|-1692.512868|682.21|7.9586
12q_a30|576.3319634|7.0|0|0.1515|0.593245722|5.5755|-5.66|34.0|-59.52322773|696.6414817000001|5.05|2.82|4.73|0.820640722|0.17|4.43|-1987.999444|713.16|7.4449
7_a47|477.8297898|4.0|0|0.2144|0.671549194|3406.0|-4.8|28.0|-45.82735481|526.6144628999999|5.49|3.69|2.96|0.816979353|0.09|5.63|-1647.963177|604.84|7.6
4c_a49|490.6910965|7.0|1|0.0821|0.752601535|3.4931|-7.53|31.0|-56.5385923|707.2397315000001|1.81|1.47|3.49|0.724053828|0.25|3.55|-1332.607539|705.55|6.5935
14a_a3|389.0288018|2.0|0|0.4524|0.8255789570000001|3.5358|-6.42|23.0|-45.12132248|358.3503513|2.58|1.04|3.27|0.7608768779999999|0.06|4.28|-1327.485188|528.91|7.5229
LY580276_a4|418.5688558|2.0|1|0.1842|0.518109998|2.5355|-5.71|22.0|-27.6229776|345.4102548|3.35|3.13|3.01|0.8478469959999999|0.22|4.49|-959.4723321|519.23|6.757
47a_a18|638.5417107999999|12.0|0|0.6094|0.792293789|2.6271|-6.49|39.0|-67.93456546|1225.939287|4.44|1.85|4.97|0.7936193709999999|0.28|0.48|-2098.773074|874.47|9.0
4R4k_a46|473.9155694|2.0|1|0.1008|0.784722915|1.8559|-5.46|25.0|-47.73036108|519.5743695|4.05|2.84|3.8|0.866681099|0.33|4.26|-1053.413412|565.94|7.0132
12h_a40|443.8158546|2.0|1|0.3693|0.6948809659999999|2.5573|-5.13|23.0|-50.45378559|350.9435025|4.75|3.76|3.19|0.844008584|0.0|4.59|-2153.186757|548.82|6.0846
11e_a5|580.8135016|7.0|0|0.2125|0.747366251|2.3124|-6.28|31.0|-41.64560703|735.3048881|3.56|1.83|3.22|0.72163516|0.24|5.03|-1316.512503|717.76|7.3979
8_a47|493.3419136|4.0|0|0.2249|0.659210804|3585.0|-4.79|29.0|-44.09728708|559.4973856|5.61|3.9|3.02|0.819702033|0.13|5.67|-1686.0356350000002|621.06|7.3
12_a47|408.3591283|3.0|0|0.2241|0.618808977|2.1019|-5.94|24.0|-44.18983348|335.1175012|3.43|2.6|2.73|0.680723821|0.0|4.19|-1488.064043|537.79|8.2
19f_a38|479.6831205|5.0|0|0.0019|0.698414933|5.3152|-6.77|30.0|-54.50401599|595.8790650000001|2.78|2.4|4.82|0.734437553|0.14|3.13|-1332.160846|653.22|7.1397
8f_a12|494.2940092|3.0|0|0.2466|0.8409290840000001|0.9092|-5.47|27.0|-41.27611074|524.0516742|4.34|3.1|4.09|0.8381234340000001|0.1|4.99|-1481.115891|606.97|6.1898
25_a47|477.748546|5.0|1|0.0702|0.622598899|3.8832|-6.3|29.0|-44.52300552|513.2159236|3.53|3.08|3.26|0.6238742279999999|0.1|3.29|-1735.385814|626.55|7.8
16h_a32|507.7688359|7.0|0|0.2914|0.7619492790000001|3516.0|-6.22|28.0|-51.56009529|573.3529948|3.66|1.12|3.61|0.7359051059999999|0.26|5.86|-1955.970762|679.82|8.0655
8f_a8|348.0199311|4.0|1|0.1659|0.56916135|5.8283|-5.98|29.0|-71.22071405|485.8626377000001|3.82|4.11|3.14|0.90577048|0.0|4.69|-1361.626748|602.63|4.6428
12e_a31|524.7092721|9.0|0|0.2627|0.76012894|2.6024|-5.93|33.0|-68.32948993|798.7285626|4.48|2.21|3.87|0.725120432|0.24|6.69|-1809.85374|781.61|6.7696
12l_a36|549.2389652|5.0|0|0.4524|0.8212311840000001|5392.0|-6.68|31.0|-52.05361632|642.3830552000001|2.95|1.38|4.78|0.7379583590000001|0.13|2.75|-1325.15957|686.83|7.699
3a_a49|426.893216|5.0|1|0.0793|0.7476073409999999|3801.0|-7.67|29.0|-55.30832478|578.2841135|1.38|1.04|3.25|0.689774813|0.18|2.77|-1253.973708|635.89|7.1938
3d_a12|439.1353855|3.0|0|0.1583|0.8605417409999999|2.2068|-6.22|24.0|-34.34601551|410.9162081|2.81|2.26|3.98|0.77428353|0.11|3.37|-1006.704001|548.21|7.6021
12ar_a36|567.6702443|6.0|0|0.2372|0.8196353679999999|6.4688|-7.21|32.0|-54.80317647|708.5476357999999|2.33|1.59|4.86|0.705591187|0.17|3.14|-1364.467971|717.19|7.6021
12v_a30|575.1512171|5.0|0|0.1601|0.711738503|2.9171|-5.52|31.0|-52.18846092|685.6665849999999|5.12|3.79|4.62|0.806069067|0.14|5.11|-2494.92869|715.58|7.6596
16d_a32|440.9688416|6.0|0|0.2915|0.7689748270000001|3.2048|-6.62|26.0|-53.23914436|457.7130665|2.86|0.65|3.35|0.615749698|0.18|5.26|-1877.332369|621.59|8.1135
4_a27|441.4418013|2.0|2|0.1741|0.614205449|2.7371|-6.51|25.0|-29.89961815|424.8821143|2.55|2.66|3.11|0.682485674|0.16|2.94|-1083.119531|555.75|8.3979
12a_a5|549.7500455|5.0|0|0.0296|0.741588813|2.5642|-6.23|29.0|-36.01436435|650.3600841|3.38|2.17|3.06|0.746785093|0.21|5.12|-1201.990542|667.31|7.7212
8g_a12|473.055878|3.0|0|0.1601|0.7714487940000001|2.9986|-6.28|27.0|-42.39297373|480.0590283|3.06|2.89|4.07|0.90166696|0.1|3.31|-1154.281986|590.93|5.43
38_a18|661.3370874|10.0|0|0.5147|0.7400818459999999|1.9877|-5.55|38.0|-61.25359673|1228.492038|5.43|3.7|4.53|0.880927895|0.34|4.94|-1611.60375|861.93|7.041
8_a4|478.2025467|2.0|1|0.0642|0.576540652|4.5781|-5.76|25.0|-27.90231822|434.9654405|3.74|2.93|2.99|0.7261541020000001|0.15|4.63|-1450.21384|561.6|7.2676
9d_a40|485.2567189|2.0|1|0.4025|0.55759121|6.2032|-4.62|22.0|-31.08478865|346.9019309|5.16|4.07|3.25|0.8664205709999999|0.06|5.2|-1677.540538|542.19|6.9706
12j_a30|544.2686362000001|5.0|0|0.1516|0.7991060659999999|4.6727|-5.81|30.0|-47.76354083|686.039456|4.23|3.04|4.76|0.8134611009999999|0.17|4.35|-1615.064152|695.8|8.058
1a_a5|419.7878208000001|3.0|0|0.0126|0.808272639|4.4956|-6.58|23.0|-36.19957997|403.543273|2.17|2.09|3.54|0.7256546770000001|0.16|3.08|-951.110826|531.02|6.9706
1a_a18 (SB-431542)|352.3666367|4.0|0|0.3347|0.795744863|5.9926|-6.73|29.0|-74.98172333|513.4628663999999|2.7|1.54|3.25|0.7531996609999999|0.05|4.04|-1292.553086|620.23|6.9031
12s_a30|457.6180044|5.0|0|0.1576|0.591758164|3.0335|-6.06|31.0|-58.75255278|616.2856203|4.07|3.58|4.63|0.790481833|0.14|4.67|-1774.202623|677.35|8.129
3_a27|446.4308003|3.0|2|0.2208|0.610158103|2.7811|-6.41|25.0|-31.82136336|401.7540197|2.67|2.18|3.03|0.733853752|0.05|2.8|-1081.88481|547.92|8.3979
17_a47|519.8795281|4.0|0|0.4308|0.7666613659999999|3.4454|-5.83|30.0|-43.82821253|630.8611986000001|4.03|2.26|3.44|0.7457517659999999|0.08|5.12|-1254.943823|656.78|8.3
8h_a8|354.18563860000006|4.0|1|272.0|0.56916135|3.4779|-5.98|29.0|-72.14530885|485.8626377000001|3.82|4.11|3.11|0.918315905|0.0|4.69|-1361.618499|608.39|4.9359
6e_a40|490.3675161000001|5.0|1|0.3625|0.648802794|8.3311|-6.09|30.0|-70.52033811|587.7345677999999|4.4|2.12|3.98|0.866991176|0.21|5.02|-2831.156883|671.95|7.7447
3e_a32|467.865447|3.0|0|0.2914|0.77923808|3.4537|-5.2|23.0|-39.56206964|421.3548777|4.47|1.94|3.33|0.7752553659999999|0.24|6.8|-1672.722302|578.77|8.0862
47g_a18|708.1114197|13.0|0|0.5955|0.745431271|4966.0|-6.4|40.0|-55.35188184|1347.416568|4.52|2.79|4.87|0.731870777|0.34|3.22|-1743.346243|905.71|8.0458
4k_a46|474.67574630000007|2.0|1|0.1505|0.784722915|4.0015|-5.46|25.0|-49.65634024|519.5743695|4.05|2.84|3.8|0.8732380740000001|0.33|4.26|-1053.396715|582.84|7.0969
14d_a23|607.3441532|5.0|2|336.18|0.6906097959999999|5.6156|-6.1|31.0|-35.40917327|666.0036144999999|3.94|3.24|3.52|0.790346608|0.09|3.88|-1669.224874|696.21|8.4001
16a_a23|603.6746046|5.0|2|0.2066|0.7199622309999999|11.6254|-7.02|31.0|-26.53751114|668.3493171|2.66|2.04|3.94|0.585920722|0.14|2.03|-1685.8794469999998|670.04|7.4037
12a_a32|491.8493928|7.0|0|0.2908|0.7507116140000001|3.0517|-6.32|27.0|-53.20970382|557.1050635|3.39|1.1|3.45|0.667706375|0.26|6.49|-1880.734215|667.68|7.6021
4l_a46|504.7020036|3.0|1|0.1523|0.7936534740000001|2.6588|-5.23|26.0|-51.45056667|579.2365607|4.49|3.06|3.92|0.883450801|0.36|4.64|-1092.71063|612.39|7.0088
12an_a36|565.1654879|6.0|0|0.0644|0.855081905|4.3963|-6.64|31.0|-49.67568778|725.9470896|3.19|2.51|4.85|0.783512615|0.17|3.33|-1670.417726|718.98|7.3979
4b_a49|466.6010051|6.0|1|0.0615|0.6967593559999999|1.8265|-7.12|30.0|-56.45224362|600.3287567000001|2.28|1.66|3.37|0.645330839|0.22|3.71|-1333.026419|664.86|7.1024
14j_a23|548.455847|5.0|2|0.3886|0.5935522360000001|5.8037|-6.31|31.0|-40.35191855|599.5697147999999|3.68|3.4|3.39|0.7739671709999999|0.05|3.78|-1729.1379190000002|670.6|8.3883
18c_a22|644.1264387|6.0|1|0.0817|0.6922232890000001|1.2938|-6.63|34.0|-40.094865000000006|779.8043336000001|3.5|1.47|3.56|0.682690024|0.08|5.36|-1783.5397829999995|707.08|7.585
12al_a36|527.2034213000001|6.0|0|0.0095|0.84179881|6.4473|-6.93|31.0|-51.22331485|679.7230552999999|2.65|1.72|4.81|0.671084645|0.17|2.77|-1347.445127|702.95|7.3188
5a_a49|468.0117167|3.0|1|0.0529|0.632463498|5.6104|-6.84|30.0|-42.1802818|592.5885712|2.65|2.07|3.37|0.6069287529999999|0.22|3.3|-1311.960542|625.06|7.3665
14o_a23|642.7588542000001|7.0|2|385.0|0.575188253|5.9294|-5.94|35.0|-51.49843925|676.4530574|4.76|3.04|3.55|0.800301554|0.09|3.97|-2042.161288|729.11|8.4815
4e_a46|571.9794684|5.0|1|0.3109|0.69063113|1.9941|-6.6|35.0|-63.39469142|942.2127953|3.78|2.06|4.5|0.7951078540000001|0.27|3.05|-1884.564974|757.1|6.8125
6_a15|501.3728188|7.0|0|0.0113|0.810779115|1.3789|-5.33|28.0|-41.14459066|592.4420375|4.64|2.18|3.29|0.581974721|0.23|4.43|-1263.0072300000002|612.22|7.4559
47u_a18|516.6437614|8.0|0|0.5849|0.646724968|4.4624|-6.31|34.0|-62.99873374|818.9389171|3.9|2.95|3.98|0.721837463|0.19|3.15|-1510.153552|738.53|5.7055
12at_a36|520.6361161|7.0|0|0.2076|0.7767870459999999|6.4676|-7.18|33.0|-58.66704838|735.3783268|2.53|1.89|4.9|0.6744421970000001|0.17|2.7|-1460.797444|733.29|7.1079
21_a34|453.8692584|4.0|1|0.0002|0.660871869|5.3432|-6.83|33.0|-63.96857813|659.7484451|3.02|1.72|3.43|0.728260094|0.12|3.64|-1483.305698|698.17|5.4737
15b_a10|631.9674549|7.0|1|0.1595|0.7199249390000001|4.7752|-6.34|31.0|-31.76194123|766.4127559|3.49|2.14|3.61|0.670236374|0.32|4.34|-1317.736865|721.17|7.0706
19i_a38|457.89548719999993|5.0|0|0.1886|0.632625562|6.6636|-6.81|31.0|-51.15830416|593.6088758|2.88|2.78|4.8|0.7419238420000001|0.14|3.55|-1431.384243|641.31|7.9031
1d_a5|484.3911442|4.0|0|0.0982|0.513260607|3.7798|-5.73|27.0|-47.76176205|403.396385|3.95|2.73|2.92|0.770504115|0.05|5.48|-1288.306458|567.04|5.03
30_a47|407.3992771|5.0|1|0.3566|0.651797437|2.7493|-6.95|28.0|-64.94243028|457.1122177|2.5|1.78|3.03|0.679447569|0.05|2.71|-1696.078047|615.85|7.9
12ax_a36|566.4430628|5.0|0|0.4167|0.771220556|4.5001|-6.26|31.0|-49.32384393|661.6709012|3.93|2.99|4.74|0.7648530440000001|0.14|3.99|-2152.100515|699.67|7.9208
18b_a30|575.0330633|5.0|0|0.3576|0.760234689|4.8198|-6.33|31.0|-52.09100293|666.0036144999999|3.59|2.17|4.78|0.759715688|0.13|3.87|-1667.995173|697.37|7.6003
19_a34|319.1993829|3.0|1|0.2189|0.818710955|3.4272|-7.01|23.0|-56.30608209|337.9440349|1.66|1.08|3.07|0.662289492|0.18|2.69|-1046.5747720000002|538.96|6.0044
6a_a31|335.9594356|4.0|0|0.6404|0.803505125|7.7514|-6.69|28.0|-77.60012959|479.200937|2.8|1.13|3.42|0.6927462990000001|0.05|4.68|-1613.295461|607.79|5.9586
13p_a6|515.4389679999999|7.0|0|0.0029|0.8244206940000001|9.0546|-7.01|34.0|-70.52421289|794.5462391|2.86|1.01|3.64|0.76005742|0.12|4.58|-1463.0432449999998|752.82|7.0362
47n_a18|653.9193397999999|13.0|0|0.5056|0.711628292|2.4754|-6.68|40.0|-65.43887366|1306.125688|4.1|2.72|4.69|0.783921929|0.31|3.67|-1743.299948|879.92|7.1938
17e_a50|647.0975667|6.0|2|0.1785|0.736221185|6.7175|-6.08|33.0|-32.24487658|904.3172644|4.08|2.91|4.18|0.803671114|0.37|4.23|-1375.268259|757.34|6.8097
12ab_a30|562.8556061|7.0|0|0.1511|0.794193541|6.9089|-6.39|33.0|-58.23149599999999|792.3440337000001|3.81|2.2|4.87|0.603952976|0.21|3.94|-1804.79081|753.75|7.7825
3n_a32|482.963897|3.0|0|0.2839|0.762657782|3.5849|-5.98|26.0|-42.83673428|522.1674161999999|3.74|1.58|3.51|0.648933114|0.32|6.71|-1825.349557|614.67|7.6778
12y_a36|562.7133986|6.0|0|0.4358|0.856135378|6.1376|-6.34|31.0|-51.48548385|698.847203|3.45|2.38|4.88|0.755735734|0.12|3.62|-1310.315063|702.38|7.9208
23_a10|648.2471057|6.0|1|0.2089|0.706648116|3.8115|-5.93|35.0|-35.17017083|930.6293092|4.48|2.99|3.8|0.7611996520000001|0.21|5.11|-1470.166163|768.3|6.1249
11_a1|351.1382199|4.0|0|0.3201|0.7846345840000001|5.0526|-6.27|29.0|-77.81495049|495.0560271000001|3.35|1.95|3.25|0.751878145|0.05|4.28|-1312.4282380000002|614.86|6.7696
14_a1|351.2799603|4.0|0|0.3497|0.795744863|4.1207|-6.73|29.0|-74.96297518|513.4628663999999|2.7|1.54|3.25|0.753357398|0.05|4.04|-1292.55322|621.08|7.0269
4_a38 (LY-2157299)|431.0669496|3.0|1|0.06|0.6848692759999999|5.9043|-6.86|28.0|-52.90108631|542.7276591|2.39|1.84|3.27|0.7861170609999999|0.18|3.69|-1198.64695|617.61|7.1586
15c_a22|623.9175171|6.0|1|0.0694|0.639264982|7.382000000000001|-6.96|34.0|-48.58045253|731.8178649|2.9|1.08|3.49|0.661775114|0.08|3.9|-1460.571156|715.42|6.1325
18a_a30|534.88346|5.0|0|0.3781|0.7961424690000001|4.2514|-5.98|29.0|-45.11907802|620.9195447000001|3.87|2.82|4.75|0.7904991659999999|0.14|3.84|-1575.755101|665.12|7.6108
21a_a23|611.67123|5.0|2|0.3692|0.6906097959999999|5.3733|-6.07|31.0|-34.01266735|666.0036144999999|3.98|3.24|3.53|0.842121383|0.09|3.88|-1669.23053|701.01|6.9914
8d_a12|477.4206699|3.0|0|0.0853|0.8405406040000001|2.1281|-5.96|27.0|-43.27410838|503.2240425|3.51|2.83|4.06|0.8338637040000001|0.1|3.87|-1138.256361|600.2|7.6021
14l_a23|607.777253|5.0|2|0.4239|0.6906097959999999|6.0563|-6.1|31.0|-35.3275485|666.0036144999999|3.94|3.24|3.51|0.7896261940000001|0.09|3.88|-1669.224647|694.65|8.1798
17a_a22|587.2505892999999|7.0|1|0.0085|0.7994946709999999|3.0156|-6.39|33.0|-49.30541729|784.2697099|3.62|2.01|4.02|0.710958975|0.15|3.93|-1408.279257|731.19|7.0862
19l_a38|518.0872716|6.0|0|0.0233|0.700181525|6.5627|-6.39|32.0|-51.6277901|696.3887025|3.55|2.75|4.94|0.7374102309999999|0.12|4.03|-1409.557954|660.04|7.8633
12aa_a30|567.5458219999999|7.0|0|0.1506|0.794193541|5.8962|-6.39|33.0|-54.50378741|792.3440337000001|3.81|2.2|4.86|0.630759573|0.21|3.94|-1804.784381|748.78|8.1135
4f_a46|507.213176|3.0|1|0.1719|0.69830739|3.2783|-5.65|25.0|-30.29079362|538.4165208|3.77|2.58|3.88|0.759842275|0.38|4.56|-1033.528421|591.51|6.7375
6b_a31|383.0600707|4.0|0|0.4967|0.795570315|5.9085|-6.5|29.0|-73.70779766|536.6368656000001|3.2|1.36|3.55|0.7459204140000001|0.1|5.19|-1652.635711|637.06|7.2676
16_a15|494.6488764|6.0|0|0.1409|0.72660548|8.0361|-6.27|32.0|-60.63825695|728.353441|3.88|1.72|3.59|0.868460507|0.08|3.37|-1770.448668|716.79|7.6778
4q_a46|509.9138517|4.0|1|0.1432|0.703627625|2.7026|-6.54|26.0|-29.12008262|554.3688216|2.65|1.75|3.95|0.61955726|0.38|4.09|-1108.729426|606.7333|6.129
13d_a6|536.999346|6.0|0|0.2513|0.7995080809999999|11.0994|-5.88|32.0|-63.04181168|692.8471883999999|4.23|1.5|3.64|0.769432845|0.16|5.38|-1389.374844|723.61|6.4437
21_a47|398.4031618|6.0|1|0.2249|0.591185263|3.6767|-6.58|29.0|-46.63227351|482.9384172|3.0|2.97|3.29|0.6448452960000001|0.1|2.94|-1375.028093|583.37|8.3
12n_a30|491.3700419|5.0|0|0.1489|0.64876559|5.3143|-6.02|30.0|-52.4873066|618.6004214|3.97|3.2|4.66|0.799403208|0.14|4.25|-1674.978015|669.57|7.983
36_a18|572.70209|7.0|0|0.4674|0.721836103|1.9944|-6.18|35.0|-55.38202488|975.4099618|4.18|3.13|4.19|0.812056067|0.28|3.73|-1493.661092|769.73|7.4949
16_a20|602.0075202|4.0|0|0.1958|0.724665638|4.7315|-5.42|31.0|-43.51359744|664.4562602999999|4.69|2.2|3.5|0.780108103|0.08|6.38|-1275.8670960000002|686.59|7.585
7s_a46|431.6285339|2.0|1|0.1186|0.768056188|2.4286|-5.81|23.0|-48.61321955|409.9543818|3.32|2.39|3.08|0.8198874559999999|0.26|3.65|-974.7707066|539.99|5.7022
15_a47|423.5412927|3.0|0|0.0759|0.614613723|2.2271|-5.76|25.0|-45.1562696|383.4213189|3.8|2.83|2.89|0.711630105|0.06|4.69|-1527.376145|552.16|7.8
9b_a36|530.8939077|5.0|0|0.5392|0.7961424690000001|6.2846|-6.46|29.0|-46.58565720000001|620.9195447000001|3.2|2.82|4.73|0.78242217|0.14|3.6|-1575.751975|666.01|7.6778
12a_a40|479.8867095|2.0|1|0.3701|0.525051106|2491.0|-4.56|22.0|-32.81611621|323.26151960000004|5.43|4.34|3.2|0.85136964|0.0|5.33|-2097.8163050000003|530.55|5.7501
17a_a50|601.1353533|6.0|2|0.1754|0.732114362|6.2113|-6.44|30.0|-29.57096251|719.3470265|3.23|2.3|3.95|0.7899109000000001|0.29|3.39|-1258.540058|705.96|7.0706
18a_a25|617.676232|6.0|1|0.0027|0.7291583840000001|3.1313|-5.58|32.0|-37.07961488|759.4953883|4.76|2.88|3.5|0.817072039|0.08|5.89|-1675.2501519999998|694.17|7.0269
22_a10|677.4790907|6.0|1|0.1922|0.646474494|4.8409|-6.29|36.0|-41.96631248|916.8601445|4.1|2.8|3.74|0.564323334|0.17|4.64|-1544.203968|770.92|5.9586
14h_a23|622.5428245|5.0|2|0.2727|0.669357479|9.7146|-6.62|32.0|-43.02851162|646.2584547|3.3|2.39|3.47|0.753100584|0.04|3.4|-1722.148272|699.86|8.3468
12ba_a36|572.4586103999999|5.0|0|0.0009|0.796093405|3.1996|-7.04|33.0|-56.0578808|688.1986357999999|2.67|0.74|4.8|0.7068957840000001|0.12|2.79|-1417.426327|687.23|7.6778
9o_a24|445.9858336|6.0|0|0.0288|0.7086274779999999|4.3816|-6.83|32.0|-51.29122728|663.2688909|2.88|1.23|3.96|0.668046377|0.04|3.75|-1388.094657|611.03|6.3507
12g_a36|587.240781|6.0|0|45.0|0.860667615|5.912000000000001|-6.19|32.0|-47.63457647|799.5563855|3.8|2.66|5.06|0.779745318|0.24|3.85|-1350.861445|724.32|7.8539
19d_a38|406.0626253|6.0|0|0.0699|0.730686013|7.9959|-7.84|33.0|-74.84120843|686.8472757999999|1.65|1.65|4.91|0.7494816990000001|0.13|2.34|-1500.850957|679.08|7.9586
19b_a38|452.6479704|5.0|0|0.1945|0.632625562|5.5253|-6.81|31.0|-53.38447032|593.6088758|2.88|2.78|4.82|0.7596369590000001|0.14|3.55|-1431.38073|646.81|7.9172
17a_a25|623.7797651000001|7.0|1|0.1735|0.659740852|3.4677|-6.18|33.0|-44.46905084|781.7487682|3.9|2.67|3.48|0.755980502|0.11|4.83|-1391.588873|747.06|7.6021
14b_a50|592.81677|7.0|2|0.1373|0.71456262|5.3711|-6.5|33.0|-33.02344264|825.4425942|3.51|2.32|4.64|0.637281054|0.35|3.72|-1431.037684|718.64|5.1818
6a_a40|458.303126|5.0|1|0.4015|0.657059571|6.9379|-6.32|29.0|-68.11170799|557.4018948|3.77|1.62|3.99|0.8678518190000001|0.21|4.38|-2371.560378|649.48|7.3979
14ab_a23|632.9786397|5.0|2|0.3893|0.693959193|5.9624|-5.92|32.0|-35.59605095|733.3886349999999|4.31|3.45|3.63|0.797837067|0.12|4.4|-1708.543268|719.66|8.4012
1n_a5|450.71720610000006|5.0|0|0.3789|0.656280207|0.6234|-6.41|27.0|-47.1725036|467.1194103|2.91|1.72|2.88|0.627751746|0.05|4.41|-1179.169527|607.15|7.5686
12h_a36|536.6941285|6.0|0|0.0056|0.84179881|6754.0|-6.93|31.0|-48.17643878|679.7230552999999|2.65|1.72|4.8|0.665254541|0.17|2.77|-1347.451759|697.29|7.8539
12_a3|393.75653|2.0|0|0.5056|0.841871246|2.3762|-5.3|22.0|-44.07517037|330.4083896|4.03|1.6|3.2|0.830418645|0.0|4.34|-1272.125792|515.23|5.45
6_a1|424.3707604|3.0|1|0.3399|0.741035199|5.8386|-6.21|22.0|-27.63847818|359.9965854|2.63|1.75|2.94|0.576759436|0.22|3.61|-935.4750982|527.41|5.2924
4r_a46|449.7405899|3.0|1|0.1404|0.76719475|2.6630000000000003|-6.83|25.0|-42.06465252|496.0386301|2.12|1.52|3.82|0.7146312779999999|0.35|3.56|-1069.419677|571.75|5.8499
12aj_a36|530.0854761|5.0|0|0.0082|0.856274847|5.8554|-6.55|30.0|-46.79363201|662.0530478999999|3.04|2.24|4.84|0.77492734|0.17|3.24|-1272.241135|682.84|7.7696
12v_a36|527.7920397|6.0|0|0.0223|0.84179881|6.1869|-6.93|31.0|-51.4172081|679.7230552999999|2.65|1.72|4.82|0.6276553979999999|0.17|2.77|-1347.442792|671.56|7.8539
25d_a34|445.9861716|7.0|1|0.2106|0.778903495|6.1995|-6.74|32.0|-66.52770588|673.8038326000001|3.05|2.26|3.58|0.7772035959999999|0.12|3.05|-1426.468726|706.21|6.0223
12c_a30|550.9847369|5.0|0|0.1568|0.7463962120000001|3.7377|-5.75|30.0|-50.12643041|652.8825454|4.49|3.31|4.62|0.8061287690000001|0.14|4.47|-2035.339256|695.96|7.9914
14a_a22|588.739773|6.0|1|0.0578|0.655865336|4.9775|-6.61|32.0|-42.39063895|684.5377542|3.18|1.73|3.42|0.7007904070000001|0.08|3.87|-1368.321586|695.62|7.4202
8e_a12|538.051884|3.0|1|0.2252|0.797199175|1.0295|-6.03|28.0|-29.79080011|561.9859171|3.53|3.05|4.11|0.7112578709999999|0.14|3.34|-1177.593205|612.59|6.2306
11a_a50|484.8529701000001|2.0|2|0.1761|0.667956827|5.4342|-6.24|25.0|-25.48858279|439.9973344|2.9|2.25|3.44|0.6543614329999999|0.15|3.09|-1045.954278|574.01|7.2291
17b_a6|494.7179214|5.0|0|0.0033|0.8013954109999999|5.3385|-5.89|31.0|-62.63196368|627.4287311|4.09|1.7|3.53|0.7706671740000001|0.12|4.98|-1350.078181|690.98|6.8153
13c_a5|527.6071331999999|5.0|0|0.1666|0.6775573359999999|2.3276|-7.28|31.0|-50.97293525|656.208474|2.15|1.16|3.13|0.551328235|0.17|4.23|-1351.2369640000002|676.53|6.9101
3_a20 (SB-525334)|494.6267525|3.0|0|0.1171|0.7835436240000001|3.7291|-5.74|26.0|-34.52869143|520.6749407|3.74|1.69|3.37|0.784910502|0.24|5.2|-1086.56485|605.71|6.7905
18_a20|506.6038164|5.0|0|0.2011|0.778639593|5.3978|-6.13|32.0|-61.73239771|712.1606951|3.85|2.06|3.48|0.8109110409999999|0.08|5.54|-1352.32685|703.24|7.4685
1o_a5|475.1609233|3.0|0|0.0071|0.650008224|4.7435|-6.3|25.0|-42.63505279|393.5487205|2.78|1.23|2.81|0.699913551|0.0|4.48|-1043.536121|561.04|7.4559
17a_a6|494.010135|5.0|0|0.0101|0.8013954109999999|4.1627|-5.89|31.0|-63.02857512|627.4287311|4.09|1.7|3.52|0.77193498|0.12|4.98|-1350.078838|696.96|7.6198
5_a4|506.7916175|3.0|1|67.0|0.650346601|2.7859|-5.57|26.0|-27.26045038|518.5792364|3.95|2.88|3.27|0.807351587|0.23|4.89|-1069.251223|595.55|7.1487
8j_a46|502.0694817|2.0|1|0.1427|0.6109926379999999|5.2361|-5.55|24.0|-29.38737046|453.1959065|3.97|2.62|3.23|0.822112519|0.32|4.71|-1414.50743|576.48|5.9108
8d_a32|446.6450457|7.0|0|0.3018|0.789198712|1.0269|-6.47|27.0|-68.88621406|557.1050635|3.17|1.1|3.5|0.708567136|0.26|6.42|-1880.733071|671.71|8.0809
galu_a46|427.4851161|3.0|1||0.6848692759999999||-6.86|28.0|-50.93538037|542.7276591|2.39|1.84|3.27|0.7832175929999999|0.18|3.69|||7.2924
14y_a23|639.7735629|5.0|2|444.0|0.64069202|4.8799|-5.8|32.0|-39.9727336|665.6233736|4.83|3.99|3.41|0.78322549|0.05|4.64|-2549.091817|713.1|8.4225
21_a4|472.812128|3.0|1|0.1457|0.674434042|2.0282|-5.76|23.0|-28.99048719|387.240586|3.36|2.32|3.37|0.7231676229999999|0.16|3.7|-973.5481197|549.71|6.9172
14b_a3|384.6023764|2.0|0|0.2276|0.8255789570000001|2.8743|-6.42|23.0|-44.49789848|358.3503513|2.58|1.04|3.18|0.766915433|0.06|4.28|-1327.4859310000002|524.27|6.4202
12g_a30|531.1295763|6.0|0|0.1613|0.770326886|3875.0|-6.22|32.0|-58.41940906|683.7405759|3.89|2.06|4.67|0.7743107290000001|0.13|3.4|-1743.174676|717.55|8.0334
14b_a25|595.4307570000001|6.0|1|0.0006|0.632638761|2.7037|-6.26|34.0|-52.75064158|760.3735147000001|3.88|1.8|3.51|0.772789587|0.07|4.48|-1444.505985|716.14|7.6576
37_a18|608.2316837999999|7.0|0|499.0|0.699483099|2.2872|-6.14|36.0|-50.09028298|1056.535856|4.36|3.33|4.31|0.7648766029999999|0.3|3.68|-1532.974371|794.5|7.4559
1_a3|356.76228530000003|2.0|0|0.0096|0.943582278|2.2332|-6.87|22.0|-45.44133321|373.1494221|1.83|1.52|3.83|0.7920857179999999|0.18|2.28|-1273.290432|496.09|6.1403
17b_a50|648.4900322000001|8.0|2|0.1758|0.748900413|6.3333|-6.09|32.0|-33.25475672|862.3868512|3.96|2.71|4.17|0.803386523|0.35|4.18|-1337.164673|752.09|6.9136
10_a1|378.9193385|4.0|0|0.6754|0.658433571|5.3861|-5.91|27.0|-65.97424138|433.2550452|3.64|2.78|3.0|0.8340962559999999|0.0|4.86|-1223.125689|585.51|5.8239
IN1233_a59|506.6510632|5.0|0|0.2011|0.778639593|5.4004|-6.13|32.0|-61.73167061|712.1606951|3.85|2.06|3.48|0.810795898|0.08|5.54|-1352.326849|703.47|7.4685
1m_a5|464.8375158|3.0|0|0.2373|0.63664685|1939.0|-5.71|24.0|-37.380714700000006|383.4128238|3.69|2.4|2.69|0.73847373|0.0|5.11|-1410.88022|553.42|7.3665
7g_a8|419.1502102|3.0|1|0.5165|0.606087461|10.1546|-5.63|30.0|-64.55562181|509.2753308|4.38|3.4|3.29|0.806738465|0.04|4.94|-1374.4533210000002|620.67|4.6772
11d_a5|553.3617954|7.0|0|0.2068|0.755793189|2.8731|-6.47|29.0|-40.04753555|631.9206508|3.07|1.42|3.13|0.712305422|0.17|4.41|-1239.093739|682.09|7.8239
21_a10|547.3834282|5.0|1|0.1489|0.68876002|1.5138|-6.07|34.0|-64.32920271|746.5727327999999|4.17|2.81|3.5|0.704106635|0.11|4.47|-1485.461532|716.1|5.3188
34_a47|457.4477611|4.0|1|0.1718|0.609110565|4.4605|-6.66|26.0|-34.3104683|439.9906467|2.49|1.75|3.19|0.653993216|0.16|3.34|-1162.450678|585.79|8.7
16_a3|344.4962834|2.0|0|0.3866|0.640070307|2.8688|-5.89|23.0|-53.7971544|328.71459869999995|3.35|2.26|3.13|0.8296818009999999|0.0|4.74|-1371.360243|520.28|7.3768
6_a27|388.6505938|2.0|1|163.0|0.650575651|2.7521|-6.55|24.0|-38.92545695|373.9912084|2.37|2.42|3.0|0.774820398|0.11|3.48|-1043.806618|526.9|9.0
12c_a31|422.3366652|8.0|0|0.2625|0.770283733|1.6786|-6.53|28.0|-66.41224264|583.9691392000001|3.1|1.08|3.69|0.6817087|0.35|5.64|-1618.112841|679.71|6.4202
3_a47|448.2137648|3.0|0|0.2182|0.815682427|4.0226|-5.16|25.0|-43.59237092|418.022895|4.6|2.88|2.59|0.7849694909999999|0.0|4.32|-1470.101469|556.65|6.5
14a_a25|558.2652611000001|6.0|1|0.1756|0.653818362|3.0824|-5.91|32.0|-45.72658614|712.1606951|4.16|2.47|3.43|0.8067529940000001|0.08|4.44|-1352.265931|689.55|6.684
12ad_a36|538.2749789|7.0|0|0.2532|0.7767870459999999|5.3349|-7.18|33.0|-58.34300549|735.3783268|2.53|1.89|4.9|0.656407461|0.17|2.7|-1460.794632|737.53|7.7696
13_a47|402.6200617|3.0|0|0.3382|0.626280497|3.5455|-6.0|24.0|-41.79730418|359.12161539999994|3.17|2.34|2.9|0.688261242|0.06|4.06|-1067.78457|542.62|7.8
14_a4|386.9927769|2.0|1|0.1067|0.500893739|2.3797|-5.8|21.0|-29.91067393|280.2639278|3.09|2.82|3.14|0.768457211|0.06|3.59|-918.9304744|475.32|5.8794
7f_a10|519.0013298|4.0|1|0.0191|0.5209683970000001|2.2631|-5.47|30.0|-35.78096407|527.8079877|4.7|2.64|3.37|0.8217865520000001|0.23|5.07|-1442.200124|597.28|6.8508
12w_a30|584.3729039|5.0|0|0.1614|0.711738503|2.4229|-5.52|31.0|-52.53307388|685.6665849999999|5.12|3.79|4.63|0.8077976990000001|0.14|5.11|-2494.932002|716.83|7.821
5a_a50|517.556163|2.0|2|0.1156|0.6759066159999999|3.9843|-5.83|25.0|-20.77548565|462.1867149|3.46|2.62|3.5|0.66527517|0.14|3.66|-1029.905844|582.98|5.3872
6g_a40|393.4722933000001|5.0|1|0.1307|0.808096413|6.7231|-7.02|31.0|-107.2113398|590.1686672000001|3.06|0.59|4.06|0.824204189|0.21|3.43|-2521.990118|669.8|7.3279
9s_a24|548.5261887|4.0|0|0.0839|0.748077475|4.6141|-7.2|30.0|-30.93968263|604.8829955|2.11|0.81|3.43|0.445160769|0.04|3.15|-1270.994965|654.28|7.4949
3b_a12|470.8937285|3.0|0|0.2418|0.802482465|5.9551|-5.65|24.0|-33.57216667|406.0361621|3.78|3.99|3.82|0.7688221909999999|0.05|4.05|-1410.947421|548.05|7.3098
9g_a24|429.0504306|3.0|1|0.1023|0.657503038|2.9691|-7.17|23.0|-32.080056199999994|341.3207334|1.37|0.64|2.8|0.4819264479999999|0.06|2.91|-984.5565078|524.03|7.1675
14z_a23|644.4593172|5.0|2|0.2917|0.64069202|5.9301|-5.8|32.0|-40.56245532|665.6233736|4.83|3.99|3.42|0.785604449|0.05|4.64|-2549.0953670000004|715.41|8.2941
32_a47|613.6886524|5.0|1|0.2839|0.634406338|4.8234|-6.34|31.0|-41.57905445|682.9868225|3.7|3.11|3.35|0.64116122|0.26|4.18|-1778.0970140000002|692.49|7.0
13b_a6|508.6895893|5.0|0|0.2461|0.8013954109999999|10.8032|-6.1|31.0|-61.06841733|627.4287311|3.8|1.29|3.56|0.757233678|0.12|4.98|-1350.061187|694.33|6.7595
14p_a23|623.0226425|5.0|2|0.3802|0.669357479|7.4033|-6.62|32.0|-42.52653933|646.2584547|3.3|2.39|3.48|0.751638299|0.04|3.4|-1722.152257|699.61|8.5302
11b_a31|303.7286124|5.0|0|0.2634|0.7943850720000001|3.2104|-6.73|25.0|-80.0942166|397.3137532|2.46|0.79|3.41|0.669723835|0.24|4.67|-1520.0430279999998|589.56|6.2757
7b_a8|432.6681725|3.0|1|139.0|0.677544268|9.9463|-6.15|30.0|-60.75943432|545.9267515|3.61|2.23|3.49|0.753935657|0.09|4.48|-1330.595067|621.4|4.8687
13g_a6|607.1336751|6.0|0|0.0105|0.789769968|10.1708|-6.31|33.0|-51.67543048|744.1359788|3.7|1.13|3.61|0.7357333540000001|0.12|5.41|-1386.573241|739.55|6.9245
16f_a32|558.6750754999999|9.0|0|0.2931|0.761506727|3.6641|-5.99|29.0|-56.53102601|636.0251562999999|4.11|1.34|3.76|0.69473708|0.3|6.42|-1995.278839|722.06|8.041
16i_a32|523.8261846|8.0|0|0.2857|0.761506727|3353.0|-5.93|29.0|-56.03343427|636.0251562999999|4.19|1.34|3.75|0.718964113|0.3|6.25|-1995.279632|692.96|8.2596
12q_a36|536.0103834|5.0|0|0.3419|0.8065052890000001|4.6718|-6.49|30.0|-49.18227989|629.5017194000001|3.31|2.51|4.74|0.768692389|0.14|3.35|-1692.5102989999998|683.51|8.2218
28_a34|279.4884473|3.0|1|0.2043|0.7829667309999999|6.4596|-7.04|24.0|-66.89539627|344.69029950000004|1.72|0.88|3.02|0.7298701059999999|0.12|1.99|-1100.760824|544.24|5.4179
9i_a24|390.5119445|3.0|1|0.0029|0.73094562|7.1135|-7.01|22.0|-30.56504777|295.8603625|1.48|0.67|2.76|0.499238289|0.0|2.42|-945.2626532|501.48|7.0555
12p_a30|539.2411292|5.0|0|0.1527|0.7991060659999999|4.0456|-5.81|30.0|-47.54197452|686.039456|4.23|3.04|4.76|0.8199554720000001|0.17|4.35|-1615.0623480000002|685.08|7.7721
12f_a31|489.0460499|10.0|0|0.2664|0.7730604259999999|1.8803|-6.19|30.0|-68.14417693|713.5657448|3.82|1.53|3.86|0.686882955|0.41|6.43|-1696.741889|755.33|6.8861
10_a4|533.4262268|4.0|1|0.0176|0.6799081490000001|1.4517|-5.83|28.0|-29.52653193|594.7358385|3.85|2.53|3.46|0.744529685|0.26|4.93|-1183.790554|619.99|7.0555
14c_a22|623.8702703|6.0|1|0.0694|0.639264982|7.3824|-6.96|34.0|-48.57709197|731.8178649|2.9|1.08|3.49|0.66168729|0.08|3.9|-1460.571156|715.52|6.8153
6f_a40|421.31181889999993|5.0|1|0.0158|0.742681934|6.2384|-6.9|30.0|-86.21963207|593.503189|3.09|1.1|4.05|0.8628087240000001|0.21|3.66|-2426.924155|668.95|7.3768
12ag_a36|471.0269757|5.0|0|0.0191|0.698414933|5.4459|-6.76|30.0|-52.02834065|595.8790650000001|2.78|2.4|4.72|0.758897371|0.14|3.13|-1332.151245|658.68|7.7696
19c_a38|477.9848537|5.0|0|0.1417|0.6885713729999999|2495.0|-7.13|32.0|-57.79749770000001|640.025745|2.5|1.76|4.84|0.7187071909999999|0.13|3.17|-1424.3899310000002|652.09|8.0348
6c_a31|405.9259734|5.0|0|0.5028|0.7905201209999999|5.9253|-6.27|30.0|-76.54198229|597.3075924999999|3.64|1.58|3.67|0.7653239190000001|0.14|5.58|-1691.948653|667.01|6.4685
2_a49|414.5350312|2.0|1|0.0572|0.7701578720000001|4.8986|-6.57|25.0|-44.066695|439.9973344|2.43|1.88|3.09|0.7154059890000001|0.15|3.28|-1045.981819|553.52|7.2291
12ab_a36|580.1454645|6.0|0|0.4451|0.8196353679999999|3.6976|-7.21|32.0|-54.63243106|708.5476357999999|2.33|1.59|4.86|0.679025324|0.17|3.14|-1364.468283|712.73|7.9586
5_a27|449.6149323|2.0|2|0.2448|0.614205449|2.3781|-6.49|25.0|-29.50048722|424.8821143|2.58|2.66|3.07|0.741481472|0.16|2.94|-1083.124207|566.68|8.5229
7_a15|466.9990754|7.0|0|0.0169|0.8115121240000001|1.1115|-5.72|26.0|-41.29775265|474.9756287|3.84|1.74|3.16|0.448664402|0.15|3.38|-1184.367098|580.73|6.644
A8301_a51|607.0025787000001|5.0|1||0.7234449559999999||-5.31|31.0|-35.90764428|690.8826121000001|5.02|3.35|3.49|0.854959635|0.04|5.5|||7.9208
13b_a30|468.6532296|6.0|0|0.1415|0.802578397|3.8495|-7.05|32.0|-74.24619275|713.7769663|2.74|2.06|4.76|0.800290866|0.13|3.04|-1744.446479|721.48|7.5901
25_a12|493.8944271000001|3.0|0|0.1897|0.806844014|1.2494|-4.82|24.0|-28.517955|430.4348528|4.76|3.2|2.81|0.917298637|0.05|4.7|-974.6328337|560.14|7.6576
14n_a23|603.6615822000001|6.0|2|0.4229|0.71381683|5.2196|-6.47|32.0|-39.82324087|683.7405759|3.55|2.72|3.53|0.6868205409999999|0.09|3.42|-1744.42791|710.48|9.2441
6b_a40|504.6333458|5.0|1|0.4962|0.6462648870000001|8193.0|-5.85|31.0|-72.13527644|618.8882797|5.03|2.61|4.02|0.878140798|0.21|5.67|-3290.745084|687.2|7.5229
34_a20|536.0086996|5.0|1|0.0766|0.690530489|3.8519|-6.28|32.0|-57.31821177|712.1606951|3.63|2.47|3.43|0.776414086|0.08|4.5|-1352.2836220000002|711.19|7.2147
24_a47|441.2021442|5.0|1|0.2618|0.627160379|2.6517|-6.48|28.0|-42.71324947|457.1122177|3.16|2.86|3.14|0.611603578|0.05|2.78|-1696.071577|578.94|8.5
1b_a5|407.1693177|3.0|0|87.0|0.558485747|2891.0|-5.99|24.0|-39.38248661|357.34245360000006|3.16|2.29|2.75|0.7324812509999999|0.0|4.88|-1050.506509|536.59|7.2291
13k_a6|445.0412356000001|7.0|0|0.0137|0.827754203|8.1639|-6.59|33.0|-82.8774254|741.5222707|3.39|1.39|3.68|0.7971316940000001|0.16|4.55|-1465.83213|731.25|7.3372
8_a15|498.6196971|7.0|0|0.0155|0.8105478740000001|1.1415|-5.52|27.0|-41.7821007|532.0914339999999|4.24|1.96|3.14|0.519427411|0.19|3.9|-1223.687714|598.84|6.9666
12l_a30|583.6736326|7.0|0|0.1574|0.593245722|2.5031|-5.66|34.0|-63.31694493|696.6414817000001|5.05|2.82|4.72|0.8218150790000001|0.17|4.43|-1987.998976|729.17|7.2154
16c_a32|461.2334662|7.0|0|0.2955|0.764217655|4.0551|-6.44|27.0|-53.00702241|513.9156315|3.23|0.88|3.5|0.6846367059999999|0.22|5.64|-1916.651132|639.66|8.3468
13_a15|558.6934137000001|6.0|0|0.0003|0.796300317|3.5479|-5.26|34.0|-43.2365883|830.7967967000001|5.32|2.52|4.13|0.755283433|0.07|4.33|-1450.727602|674.36|8.2218
11_a47|488.1611434|4.0|0|0.2321|0.686454722|2.9142|-5.28|32.0|-50.01659041|670.2339441|5.06|3.0|3.28|0.816608795|0.04|5.58|-1396.145101|654.49|7.4
17c_a50|617.2509739|6.0|2|0.1801|0.728169863|6.3989|-6.96|33.0|-35.70979598|849.1345426000001|2.86|1.91|4.12|0.569750429|0.35|3.59|-1411.157813|746.5|7.1612
3b_a32|412.4267349|2.0|0|0.2905|0.7725667079999999|3.5719|-5.57|21.0|-35.8437493|323.0421997|3.71|1.45|3.11|0.764128338|0.13|6.25|-1594.095192|524.46|8.2366
4m_a46|500.1036387|2.0|1|0.1557|0.626578283|3.9226|-5.68|25.0|-35.4774406|486.9589609|3.69|2.5|3.59|0.733236381|0.29|4.25|-1031.109224|558.63|5.8901
8_a27|369.9216992|2.0|1|0.2336|0.64927069|3.0415|-6.73|23.0|-37.50265703|326.3351007|2.0|2.19|2.79|0.751701834|0.06|2.98|-1004.489001|507.76|8.2218
18_a34|380.8328339|5.0|1|0.0303|0.713979177|5.0935|-6.26|26.0|-49.86847383|428.6241319|3.07|1.49|3.28|0.695849945|0.21|3.13|-1199.259634|592.04|5.6144
9a_a31|443.941629|6.0|0|0.7028|0.76226755|5.0244|-6.39|30.0|-64.75697831|597.3075924999999|3.47|1.58|3.6|0.737758755|0.14|5.51|-1691.9137670000002|680.72|6.8239
12t_a36|555.3275093999999|6.0|0|0.0155|0.857993338|5.9081|-6.33|31.0|-48.97252784|729.1873176|3.47|2.45|4.94|0.78316808|0.21|3.62|-1311.552739|713.6|8.0969
8b_a50|404.9478761|2.0|1|121.0|0.71043578|3.8213|-6.32|23.0|-34.79187329|339.5806858|2.55|1.79|3.21|0.6717097959999999|0.06|3.14|-967.3160428|515.81|7.1675
46_a18|587.2068577|7.0|0|0.4249|0.699483099|2656.0|-6.14|36.0|-49.54738918|1056.535856|4.36|3.33|4.27|0.782232748|0.3|3.68|-1532.968527|765.33|6.7305
11_a27|404.4089873|2.0|0|0.0793|0.7146215429999999|3.1278|-6.47|26.0|-42.27430065|504.209846|2.73|3.06|3.95|0.8088958709999999|0.35|2.72|-1122.433411|571.4|8.301
3c_a49|455.3990518|4.0|1|0.0729|0.64702083|3.6122|-6.93|28.0|-41.0524769|542.7276591|2.29|1.84|3.18|0.637222556|0.18|3.63|-1198.634822|613.33|7.0605
11_a15|613.0036107000001|6.0|0|0.0011|0.796300317|812.0|-5.26|34.0|-44.15161868|830.7967967000001|5.32|2.52|4.1|0.739315684|0.07|4.33|-1450.705737|739.57|6.1314
12_a1|444.1009824|3.0|0|0.2821|0.7534284040000001|7.7454|-6.02|28.0|-55.99493147|473.040639|3.54|1.67|3.29|0.724666653|0.05|4.87|-1216.099134|607.42|5.5302
13_a4|474.9422962|2.0|1|0.1282|0.6490618429999999|2471.0|-5.39|22.0|-24.48959182|373.9073307|3.75|2.9|3.39|0.862539527|0.16|4.18|-898.3381672|536.09|5.3979
17_a12|447.1583691000001|3.0|0|0.148|0.859088647|2128.0|-6.07|24.0|-36.25249721|431.5987143|3.19|2.47|4.13|0.786701219|0.17|4.51|-1366.776169|560.09|7.7959
18_a15|511.4247108|5.0|0|0.0066|0.645117465|4.2476|-4.8|29.0|-41.31992544|590.2470602999999|5.42|3.6|3.37|0.867430881|0.08|5.68|-1265.770242|650.53|6.8894
14a_a23|580.9612768999999|5.0|2|0.3764|0.6888154959999999|5.8775|-6.27|30.0|-35.20994211|601.8533922|3.58|3.03|3.41|0.7807587890000001|0.05|3.36|-1629.90669|665.5|8.5498
1g_a5|464.3994751|4.0|0|0.0504|0.717355058|3.4883|-6.15|25.0|-37.59983870000001|422.96706330000006|3.03|1.57|2.79|0.61393343|0.05|4.5|-1065.818889|572.15|6.9393
